date,open,high,low,close,volume,turnover
2015/04/16,7681.0,7790.0,7480.2,7707.8,116888.0,179285879880.0
2015/04/17,7722.0,7918.8,7631.2,7758.2,114214.0,178139981800.0
2015/04/20,7760.0,7857.0,7582.0,7622.2,98781.0,152541608160.0
2015/04/21,7650.2,8147.0,7640.2,8140.4,132545.0,209375258480.0
2015/04/22,8158.0,8237.8,8104.4,8189.8,121034.0,197636851720.0
2015/04/23,8193.0,8378.8,8160.4,8265.6,132278.0,218536389120.0
2015/04/24,8247.8,8349.8,8123.8,8327.2,126381.0,207787786000.0
2015/04/27,8368.0,8548.0,8292.0,8347.2,125335.0,210563657080.0
2015/04/28,8308.0,8419.0,8011.6,8147.0,164120.0,268923736800.0
2015/04/29,8138.0,8309.0,8079.0,8302.2,134158.0,220606450880.0
2015/04/30,8320.0,8408.0,8291.2,8338.8,120118.0,200660177680.0
2015/05/04,8370.2,8527.4,8202.4,8347.2,101734.0,169082353480.0
2015/05/05,8334.8,8345.0,8090.0,8145.0,109987.0,180812002680.0
2015/05/06,8168.0,8280.6,7970.0,8040.8,111973.0,183095507240.0
2015/05/07,8020.0,8068.0,7901.0,7911.4,109599.0,174604153480.0
2015/05/08,7933.4,8171.4,7921.0,8171.2,121062.0,194368513600.0
2015/05/11,8170.0,8508.0,8144.0,8489.8,124722.0,207429898440.0
2015/05/12,8499.6,8648.0,8415.4,8647.8,152019.0,259104363840.0
2015/05/13,8595.0,8779.0,8492.0,8695.8,189658.0,328366948760.0
2015/05/14,8530.0,8680.0,8477.6,8603.0,133372.0,228697711800.0
2015/05/15,8610.0,8718.0,8482.0,8579.8,182662.0,313491336800.0
2015/05/18,8640.6,8822.2,8580.0,8798.4,202968.0,355194139400.0
2015/05/19,8805.6,9154.4,8736.2,9120.8,228488.0,408246634160.0
2015/05/20,9121.8,9463.6,9111.2,9286.8,239847.0,447554661320.0
2015/05/21,9311.4,9755.0,9301.0,9734.6,256460.0,487549058120.0
2015/05/22,9783.0,9867.4,9525.0,9741.2,285617.0,553436539680.0
2015/05/25,9610.0,10020.8,9455.4,9966.6,262755.0,517357880040.0
2015/05/26,9988.0,10535.0,9986.2,10532.2,258963.0,532569377360.0
2015/05/27,10598.4,10718.0,10366.0,10552.0,307346.0,646888965000.0
2015/05/28,10580.0,10758.8,9818.0,9977.2,360766.0,751494894200.0
2015/05/29,10126.8,10370.0,9901.0,10121.0,354628.0,720489180480.0
2015/06/01,10170.2,11089.8,10168.0,11025.6,257035.0,544543698600.0
2015/06/02,11058.0,11385.0,10830.0,11250.4,280807.0,622873392920.0
2015/06/03,11281.2,11436.0,10809.0,11103.2,334871.0,748543265600.0
2015/06/04,11127.0,11255.4,10030.0,10869.2,376160.0,805778042000.0
2015/06/05,10900.0,11258.0,10540.0,10949.0,337852.0,741307921920.0
2015/06/08,10840.0,10939.2,10384.2,10602.6,305756.0,650236047440.0
2015/06/09,10599.0,10950.0,10453.0,10700.4,322063.0,689981508200.0
2015/06/10,10608.0,11326.0,10600.0,10987.8,312337.0,685886266000.0
2015/06/11,11094.8,11290.0,10920.2,11258.8,267772.0,594601716600.0
2015/06/12,11293.0,11585.0,11221.8,11427.8,253743.0,578570469120.0
2015/06/15,11461.4,11560.0,11023.0,11228.6,237446.0,538095143760.0
2015/06/16,11238.0,11238.0,10656.2,10839.0,296168.0,645206231200.0
2015/06/17,10837.6,11117.6,10504.4,11033.4,255006.0,550852157400.0
2015/06/18,10998.0,11186.8,10564.4,10585.0,234442.0,512402850720.0
2015/06/19,10535.0,10609.6,9950.0,9990.0,385745.0,794343643480.0
2015/06/23,9977.0,10100.0,9375.2,9862.6,363010.0,714804943360.0
2015/06/24,9888.0,10214.4,9710.8,10058.0,336011.0,669960271600.0
2015/06/25,10101.0,10140.0,9335.0,9381.6,355666.0,701067728800.0
2015/06/26,9380.0,9390.0,8629.0,8629.0,296036.0,532696180520.0
2015/06/29,8788.0,8800.0,7768.4,7768.4,370110.0,608058745280.0
2015/06/30,7768.0,8629.0,7557.0,8346.0,417585.0,676282344440.0
2015/07/01,8396.0,8800.0,7509.4,7509.4,418824.0,704611203240.0
2015/07/02,7910.0,8277.0,7323.8,7667.8,502523.0,779715496840.0
2015/07/03,7718.0,7936.4,7072.4,7404.8,407628.0,608316062240.0
2015/07/06,8167.2,8167.2,6701.6,7440.0,345855.0,503224912800.0
2015/07/07,7303.6,7438.0,6516.2,6516.2,126905.0,175729601880.0
2015/07/08,6202.0,7280.2,5956.6,5956.6,37070.0,47156578720.0
2015/07/09,5956.6,6552.2,5900.0,6552.2,17083.0,21664309680.0
2015/07/10,6894.0,7207.4,6888.0,7207.4,11110.0,15871123800.0
2015/07/13,7500.0,7928.0,7307.4,7569.6,95522.0,147316144720.0
2015/07/14,7749.0,7970.0,7532.0,7645.0,116607.0,180361625400.0
2015/07/15,7613.6,7655.8,7002.0,7136.0,92798.0,136046856480.0
2015/07/16,6800.0,7444.0,6418.8,7226.6,118069.0,166537663160.0
2015/07/17,7224.8,7857.6,7224.8,7857.6,134674.0,203348456200.0
2015/07/20,7920.0,8087.8,7413.2,7589.0,189519.0,292884550520.0
2015/07/21,7587.8,7935.2,7402.2,7715.0,185925.0,286085887480.0
2015/07/22,7715.0,7918.0,7572.2,7773.0,151210.0,234709516120.0
2015/07/23,7802.2,8498.6,7702.2,8386.0,172241.0,278127306200.0
2015/07/24,8414.2,8538.0,7912.4,7980.0,185487.0,309134691440.0
2015/07/27,7978.8,8180.0,7341.4,7341.4,153759.0,243508812760.0
2015/07/28,7198.0,7528.8,7034.0,7221.0,168856.0,245264910720.0
2015/07/29,7300.6,7715.8,6955.2,7702.8,179005.0,262818960560.0
2015/07/30,7700.0,7731.0,7146.0,7232.0,190390.0,286248776000.0
2015/07/31,7275.0,7642.2,7210.0,7399.0,149888.0,221605753160.0
2015/08/03,7335.0,7351.0,6990.0,7065.2,98428.0,140933050920.0
2015/08/04,7088.8,7708.6,7069.2,7657.6,131506.0,195281903560.0
2015/08/05,7677.0,7737.2,7460.0,7486.4,118095.0,179221411520.0
2015/08/06,7415.0,7727.8,7361.0,7545.4,122864.0,185961413720.0
2015/08/07,7600.0,7966.0,7583.8,7851.2,131512.0,206253696640.0
2015/08/10,7855.0,8440.0,7855.0,8330.0,108046.0,176162890840.0
2015/08/11,8356.8,8396.2,8185.2,8200.6,103813.0,172459176360.0
2015/08/12,8202.2,8330.0,8051.0,8082.2,113709.0,186463966720.0
2015/08/13,8100.0,8387.0,8052.6,8345.8,112898.0,185490658920.0
2015/08/14,8388.0,8527.8,8308.0,8397.0,116621.0,197021646400.0
2015/08/17,8406.0,8690.0,8200.0,8659.0,114466.0,194086933400.0
2015/08/18,8689.0,8761.6,7770.2,7802.0,136282.0,226159493640.0
2015/08/19,7793.8,8198.8,7603.2,8151.2,117489.0,185695899920.0
2015/08/20,7720.0,7918.0,7500.2,7557.0,131354.0,201719986280.0
2015/08/21,7500.2,7619.0,7060.0,7207.4,173849.0,255589979240.0
2015/08/24,6953.0,7044.6,6523.6,6523.6,89052.0,119792245840.0
2015/08/25,6249.0,6380.0,5871.4,5871.4,128798.0,158724597880.0
2015/08/26,5869.0,6150.0,5301.2,5400.2,169262.0,195518752360.0
2015/08/27,5700.0,6079.4,5510.0,5928.2,166242.0,193054390920.0
2015/08/28,6101.2,6402.6,5884.0,6402.6,129943.0,158057904560.0
2015/08/31,6387.0,6388.0,5852.0,5961.4,85814.0,103908020240.0
2015/09/01,5960.0,6195.6,5363.2,5373.0,109123.0,122010345040.0
2015/09/02,5277.4,5975.0,5101.8,5377.0,158776.0,173954952280.0
2015/09/07,5650.0,5921.8,5550.0,5795.0,11697.0,13619144160.0
2015/09/08,5806.2,6383.0,5752.6,6383.0,10836.0,13128981360.0
2015/09/09,6428.0,6578.0,6300.0,6369.0,9181.0,11809213720.0
2015/09/10,6318.0,6463.8,6234.2,6319.0,6395.0,8120991040.0
2015/09/11,6330.8,6489.0,6296.2,6420.0,6184.0,7909458080.0
2015/09/14,6498.0,6500.0,5758.2,5758.2,8153.0,10011356920.0
2015/09/15,5749.6,5898.6,5590.2,5663.6,6917.0,7958170760.0
2015/09/16,5710.4,6200.0,5620.0,6050.8,7708.0,9021220520.0
2015/09/17,6100.0,6218.2,5855.0,5955.0,4130.0,5019452800.0
2015/09/18,5768.8,5898.6,5658.0,5830.0,8649.0,9980985600.0
2015/09/21,5750.0,6184.2,5715.0,6170.2,10042.0,11932534320.0
2015/09/22,6168.8,6190.0,6005.0,6077.8,9276.0,11318663120.0
2015/09/23,6080.8,6093.2,5903.0,5980.4,9051.0,10872834840.0
2015/09/24,6000.0,6146.8,5978.0,6100.0,8986.0,10906944120.0
2015/09/25,6098.8,6115.0,5713.0,5787.4,10687.0,12623876120.0
2015/09/28,5848.0,6036.6,5770.0,5994.4,9431.0,11155013760.0
2015/09/29,5950.0,5950.0,5788.2,5914.0,8872.0,10428152120.0
2015/09/30,5955.0,5993.0,5852.0,5917.8,7381.0,8751195360.0
2015/10/08,6220.0,6350.0,6191.8,6195.2,7856.0,9844458280.0
2015/10/09,6230.0,6444.6,6208.8,6406.8,7489.0,9453899480.0
2015/10/12,6458.2,6790.0,6458.2,6642.6,8516.0,11291458000.0
2015/10/13,6613.0,6737.6,6586.4,6688.6,6576.0,8770147280.0
2015/10/14,6645.0,6743.4,6625.6,6645.2,6975.0,9329439760.0
2015/10/15,6655.8,6957.0,6655.2,6954.8,5867.0,7966886240.0
2015/10/16,6825.0,6865.0,6641.2,6779.0,7352.0,9932256880.0
2015/10/19,6797.8,6818.0,6530.0,6685.0,8686.0,11629886560.0
2015/10/20,6685.0,6850.0,6645.6,6850.0,8843.0,11900876040.0
2015/10/21,6814.0,6844.0,6451.0,6478.8,10707.0,14213515960.0
2015/10/22,6520.2,6735.0,6483.0,6666.2,10515.0,13881061120.0
2015/10/23,6706.2,6920.0,6671.0,6908.0,9940.0,13456037440.0
2015/10/26,6944.0,6949.8,6750.0,6865.0,9359.0,12799124000.0
2015/10/27,6824.0,6990.0,6641.2,6903.4,10357.0,14066865480.0
2015/10/28,6910.0,6927.0,6666.8,6683.4,9763.0,13270788280.0
2015/10/29,6712.2,6886.6,6655.0,6782.0,9744.0,13187691880.0
2015/10/30,6801.0,6887.0,6651.0,6783.8,10368.0,14043599760.0
2015/11/02,6641.0,6868.0,6582.6,6668.8,10294.0,13850043160.0
2015/11/03,6696.8,6757.0,6614.8,6656.2,9553.0,12765142560.0
2015/11/04,6700.0,7117.6,6678.8,7090.6,11240.0,15461298000.0
2015/11/05,7066.8,7119.6,6983.2,7066.4,9820.0,13869381280.0
2015/11/06,7068.8,7338.8,7068.0,7293.8,8847.0,12758534440.0
2015/11/09,7270.0,7449.8,7205.2,7353.8,8477.0,12398969960.0
2015/11/10,7330.0,7439.0,7320.2,7394.0,7301.0,10785090240.0
2015/11/11,7388.0,7548.8,7378.0,7545.0,7006.0,10430343280.0
2015/11/12,7540.0,7570.0,7391.0,7519.0,7645.0,11440377560.0
2015/11/13,7476.6,7523.4,7330.0,7468.0,7923.0,11779014320.0
2015/11/16,7345.0,7670.2,7345.0,7638.0,7723.0,11585414200.0
2015/11/17,7660.0,7788.2,7500.8,7547.6,7544.0,11573492280.0
2015/11/18,7557.8,7655.6,7466.0,7499.0,5941.0,8990910680.0
2015/11/19,7227.0,7459.0,7208.6,7435.6,7685.0,11243106120.0
2015/11/20,7439.0,7540.4,7388.8,7442.6,9007.0,13417872720.0
2015/11/23,7400.2,7575.2,7338.8,7356.6,9003.0,13407850960.0
2015/11/24,7350.6,7488.6,7312.6,7471.0,8658.0,12803606920.0
2015/11/25,7478.8,7636.8,7452.6,7631.0,8171.0,12326608400.0
2015/11/26,7646.6,7671.0,7530.0,7531.8,7986.0,12140400840.0
2015/11/27,7540.2,7559.4,6931.0,7092.6,11342.0,16624566080.0
2015/11/30,7092.6,7199.0,6922.0,7118.2,11040.0,15615333640.0
2015/12/01,7125.6,7267.0,7043.0,7137.6,10169.0,14550791840.0
2015/12/02,7143.2,7293.2,6951.0,7280.2,12101.0,17199632560.0
2015/12/03,7252.2,7407.6,7221.2,7377.8,9758.0,14262567360.0
2015/12/04,7307.0,7387.2,7222.0,7315.8,8667.0,12676179840.0
2015/12/07,7346.0,7437.0,7251.2,7339.4,8792.0,12916848040.0
2015/12/08,7311.0,7315.4,7166.6,7230.0,8842.0,12798749000.0
2015/12/09,7231.0,7280.4,7151.0,7212.0,8429.0,12169918080.0
2015/12/10,7195.0,7330.0,7151.8,7170.0,9567.0,13885400040.0
2015/12/11,7189.0,7269.0,7121.0,7227.4,8567.0,12319415000.0
2015/12/14,7167.0,7429.8,7165.0,7422.0,9189.0,13378111280.0
2015/12/15,7403.0,7500.4,7395.0,7446.0,6822.0,10177978960.0
2015/12/16,7468.8,7570.8,7462.2,7492.6,6024.0,9052150160.0
2015/12/17,7529.0,7713.8,7513.8,7693.6,5077.0,7756505400.0
2015/12/18,7450.0,7488.2,7380.8,7487.6,7874.0,11720128960.0
2015/12/21,7468.4,7612.6,7434.4,7585.0,7880.0,11848043400.0
2015/12/22,7604.6,7660.0,7528.8,7650.0,7211.0,10957234120.0
2015/12/23,7661.4,7666.8,7511.2,7516.4,7931.0,12039704640.0
2015/12/24,7532.6,7571.0,7405.8,7533.4,7879.0,11798950400.0
2015/12/25,7552.6,7603.2,7503.0,7595.8,6734.0,10171626680.0
2015/12/28,7546.0,7619.8,7295.2,7305.0,8527.0,12759227720.0
2015/12/29,7333.2,7437.4,7285.0,7418.2,8751.0,12853718640.0
2015/12/30,7442.0,7543.0,7411.2,7511.4,7661.0,11456141560.0
2015/12/31,7529.0,7553.0,7338.0,7349.0,8521.0,12686909080.0
2016/01/04,7350.0,7364.8,6881.2,6881.2,5957.0,8507230600.0
2016/01/05,6650.0,6880.0,6650.0,6699.0,10206.0,13738481160.0
2016/01/06,6749.0,6870.0,6701.0,6814.4,9565.0,12999085600.0
2016/01/07,6745.8,6745.8,6360.0,6360.0,2196.0,2904163760.0
2016/01/08,6520.0,6588.8,6150.0,6399.8,10654.0,13675126960.0
2016/01/11,6248.8,6396.8,5929.8,5940.4,11236.0,13985136320.0
2016/01/12,6040.2,6167.2,5961.0,6074.8,11013.0,13386503240.0
2016/01/13,6126.4,6210.0,5849.4,5904.4,10420.0,12647045920.0
2016/01/14,5735.0,6109.8,5723.0,6078.0,8896.0,10467940040.0
2016/01/15,5782.2,5846.0,5486.8,5570.0,10971.0,12446793120.0
2016/01/18,5555.8,5810.0,5543.2,5695.2,12537.0,14293029920.0
2016/01/19,5721.2,5968.6,5700.0,5928.8,11821.0,13779956320.0
2016/01/20,5876.0,5964.4,5801.0,5835.0,11388.0,13395204000.0
2016/01/21,5849.8,5990.0,5655.0,5679.0,13357.0,15594786600.0
2016/01/22,5780.0,5836.0,5615.8,5779.8,12855.0,14735097960.0
2016/01/25,5815.2,5912.0,5750.6,5800.0,10339.0,12059849360.0
2016/01/26,5750.0,5767.8,5370.8,5401.2,12248.0,13771543320.0
2016/01/27,5450.0,5456.8,5112.2,5280.4,14261.0,15085773800.0
2016/01/28,5250.0,5346.4,5132.0,5155.0,11986.0,12614543200.0
2016/01/29,5177.0,5421.0,5160.2,5329.8,13534.0,14354379400.0
2016/02/01,5339.0,5394.4,5212.6,5323.0,11210.0,11936935560.0
2016/02/02,5334.0,5546.8,5330.8,5523.6,11870.0,12979761800.0
2016/02/03,5470.0,5584.0,5411.0,5556.8,11301.0,12380874960.0
2016/02/04,5600.0,5719.2,5600.0,5695.0,11228.0,12713031360.0
2016/02/05,5683.0,5708.8,5611.0,5617.0,8330.0,9440510680.0
2016/02/15,5531.8,5675.0,5461.0,5651.4,9579.0,10671938520.0
2016/02/16,5689.0,5908.0,5681.0,5881.0,9115.0,10607452560.0
2016/02/17,5870.0,5969.0,5836.0,5947.0,7984.0,9418526800.0
2016/02/18,5807.0,5857.0,5742.6,5746.0,9806.0,11351468600.0
2016/02/19,5737.0,5836.2,5722.4,5767.8,11752.0,13568732040.0
2016/02/22,5815.2,5924.8,5803.6,5869.2,12135.0,14230077600.0
2016/02/23,5861.2,5885.6,5760.0,5845.0,11641.0,13560297720.0
2016/02/24,5828.8,5922.6,5720.0,5881.8,14074.0,16381609760.0
2016/02/25,5880.8,5898.6,5300.0,5361.0,16289.0,18364937480.0
2016/02/26,5433.6,5496.8,5333.0,5417.8,14435.0,15694201160.0
2016/02/29,5399.8,5407.8,5036.0,5075.2,16685.0,17267384120.0
2016/03/01,5075.6,5288.0,5072.6,5227.4,16946.0,17531863000.0
2016/03/02,5260.2,5625.0,5251.2,5587.8,17043.0,18492193480.0
2016/03/03,5588.0,5736.0,5582.0,5603.8,15720.0,17799351400.0
2016/03/04,5603.8,5671.0,5383.0,5452.0,17931.0,19866322440.0
2016/03/07,5567.0,5717.6,5515.8,5595.0,15686.0,17665217560.0
2016/03/08,5511.0,5677.0,5365.0,5661.0,17416.0,19227275320.0
2016/03/09,5551.8,5607.0,5461.0,5500.0,14368.0,15911190760.0
2016/03/10,5548.0,5598.8,5371.0,5396.0,15160.0,16647059920.0
2016/03/11,5351.0,5478.6,5321.0,5413.2,14291.0,15447846560.0
2016/03/14,5560.0,5738.0,5515.4,5629.6,15660.0,17680927960.0
2016/03/15,5627.0,5678.8,5571.4,5608.0,12151.0,13668031800.0
2016/03/16,5700.0,5711.0,5482.8,5565.4,12799.0,14289232720.0
2016/03/17,5602.2,5796.8,5561.2,5760.0,10005.0,11339041840.0
2016/03/18,5612.0,5847.0,5603.0,5799.6,16417.0,18863846360.0
2016/03/21,5870.4,5957.0,5845.2,5929.8,14424.0,17021225920.0
2016/03/22,5881.6,5989.8,5865.4,5921.6,12716.0,15066817320.0
2016/03/23,5920.0,5975.6,5868.4,5949.2,13235.0,15691889640.0
2016/03/24,5900.8,5963.2,5832.2,5843.4,17212.0,20290157680.0
2016/03/25,5860.0,5945.0,5845.4,5910.4,13715.0,16160396760.0
2016/03/28,5965.6,6065.0,5838.0,5857.0,15579.0,18602363240.0
2016/03/29,5860.2,5884.4,5720.0,5788.8,16820.0,19501744000.0
2016/03/30,5868.0,6033.6,5827.0,6020.8,16645.0,19679272960.0
2016/03/31,6033.2,6085.2,6013.8,6020.0,14844.0,17956963840.0
2016/04/01,6000.4,6030.0,5863.2,6028.0,16667.0,19867784760.0
2016/04/05,6006.0,6240.8,5993.6,6190.4,16082.0,19686029560.0
2016/04/06,6190.4,6237.6,6172.0,6223.4,12384.0,15361261280.0
2016/04/07,6248.4,6284.4,6139.6,6156.0,15000.0,18591838680.0
2016/04/08,6138.2,6138.2,6030.2,6114.2,15056.0,18321451080.0
2016/04/11,6170.0,6316.2,6170.0,6237.0,14493.0,18127808160.0
2016/04/12,6230.0,6266.4,6140.8,6239.8,14188.0,17583774840.0
2016/04/13,6300.0,6427.8,6283.6,6306.0,14248.0,18129553640.0
2016/04/14,6366.0,6385.8,6316.0,6381.2,8451.0,10744104160.0
2016/04/15,6225.0,6238.8,6147.0,6214.6,13187.0,16311829360.0
2016/04/18,6152.0,6160.0,6026.0,6093.2,14073.0,17113280280.0
2016/04/19,6160.2,6174.2,6056.2,6102.6,13211.0,16119892000.0
2016/04/20,6148.8,6161.8,5721.2,5791.2,17516.0,20812029880.0
2016/04/21,5800.4,5916.0,5767.0,5788.4,14947.0,17455531240.0
2016/04/22,5741.0,5850.0,5727.8,5850.0,14142.0,16392859840.0
2016/04/25,5808.8,5824.2,5686.6,5815.4,14091.0,16252118920.0
2016/04/26,5825.6,5896.8,5765.6,5885.0,14340.0,16731919560.0
2016/04/27,5897.6,5934.4,5834.0,5865.8,13355.0,15699507520.0
2016/04/28,5881.4,5884.8,5725.4,5833.0,15156.0,17597850440.0
2016/04/29,5809.8,5890.0,5798.0,5844.8,13060.0,15282435480.0
2016/05/03,5863.0,6090.0,5800.6,6085.0,15722.0,18780622600.0
2016/05/04,6060.0,6110.0,6040.0,6062.8,11968.0,14523877800.0
2016/05/05,6053.8,6138.0,6042.0,6132.8,12362.0,15034661920.0
2016/05/06,6111.0,6156.4,5883.0,5887.8,16908.0,20335519480.0
2016/05/09,5830.0,5837.0,5633.2,5652.8,15386.0,17623924560.0
2016/05/10,5679.0,5705.6,5636.6,5650.0,12254.0,13901412200.0
2016/05/11,5711.0,5749.8,5613.6,5640.4,14334.0,16292598960.0
2016/05/12,5600.0,5682.0,5505.6,5670.0,14964.0,16772053920.0
2016/05/13,5649.0,5766.0,5620.0,5659.2,13460.0,15299906240.0
2016/05/16,5641.0,5785.0,5621.0,5772.2,13276.0,15155120160.0
2016/05/17,5784.2,5827.0,5715.2,5779.2,13270.0,15303684600.0
2016/05/18,5701.0,5730.0,5561.8,5632.8,11637.0,13146930560.0
2016/05/19,5449.8,5579.8,5449.8,5469.0,13199.0,14562389560.0
2016/05/20,5431.0,5586.2,5422.6,5562.8,15262.0,16867340880.0
2016/05/23,5586.6,5685.0,5586.6,5635.2,13848.0,15639636440.0
2016/05/24,5633.8,5646.4,5541.8,5598.6,14551.0,16258921800.0
2016/05/25,5665.0,5680.0,5550.0,5556.0,14251.0,15999525840.0
2016/05/26,5551.0,5627.8,5462.4,5627.8,17065.0,18893611120.0
2016/05/27,5617.8,5664.0,5574.0,5630.6,14549.0,16344616560.0
2016/05/30,5589.0,5676.8,5520.0,5611.0,15755.0,17673129920.0
2016/05/31,5630.0,5927.8,5630.0,5923.2,18925.0,21940169280.0
2016/06/01,5925.0,5965.6,5892.0,5899.8,13944.0,16535411880.0
2016/06/02,5908.0,5946.8,5896.2,5937.8,12429.0,14720281120.0
2016/06/03,5950.0,6019.4,5908.4,6003.6,15181.0,18095355760.0
2016/06/06,6020.0,6037.4,5956.2,5974.0,12536.0,15019460760.0
2016/06/07,5983.0,6017.6,5947.4,6016.6,12039.0,14400486880.0
2016/06/08,5998.0,6027.0,5931.6,5995.8,13144.0,15702541640.0
2016/06/13,5910.0,5977.8,5721.0,5732.0,15848.0,18670464000.0
2016/06/14,5740.0,5774.0,5689.0,5723.4,13728.0,15731952160.0
2016/06/15,5688.0,5963.8,5678.8,5920.0,13782.0,16149654440.0
2016/06/16,5920.2,5950.0,5883.2,5912.8,9201.0,10906129840.0
2016/06/17,5820.4,5916.0,5780.0,5810.6,14796.0,17328101760.0
2016/06/20,5820.0,5864.4,5725.2,5848.2,14283.0,16583675040.0
2016/06/21,5900.0,5969.6,5735.4,5777.6,16109.0,18884782120.0
2016/06/22,5759.8,5922.2,5756.6,5922.0,14943.0,17446525840.0
2016/06/23,5910.0,5918.0,5822.2,5888.0,13737.0,16138523760.0
2016/06/24,5871.0,5935.8,5653.6,5787.0,18967.0,22059019000.0
2016/06/27,5810.2,5977.4,5806.0,5965.2,15312.0,18072451800.0
2016/06/28,5945.0,6045.0,5924.4,6037.0,15062.0,18007613680.0
2016/06/29,6067.0,6077.0,6010.0,6050.4,12972.0,15671596760.0
2016/06/30,6045.0,6062.2,6021.2,6051.6,11598.0,14012596680.0
2016/07/01,6060.0,6107.0,6013.6,6039.8,13186.0,15977616480.0
2016/07/04,6011.0,6201.0,6011.0,6159.6,14960.0,18350744680.0
2016/07/05,6163.6,6219.8,6162.2,6202.4,11624.0,14394202960.0
2016/07/06,6193.4,6256.6,6165.8,6226.6,12366.0,15351344120.0
2016/07/07,6237.4,6293.8,6178.4,6279.4,14216.0,17726154120.0
2016/07/08,6261.4,6299.0,6226.0,6265.0,11802.0,14789074240.0
2016/07/11,6289.6,6356.8,6245.0,6248.0,13589.0,17129090480.0
2016/07/12,6261.2,6376.6,6220.2,6368.6,14918.0,18785946880.0
2016/07/13,6394.2,6453.0,6363.2,6416.4,12722.0,16321463240.0
2016/07/14,6409.8,6447.6,6405.6,6442.2,8080.0,10385199120.0
2016/07/15,6353.0,6368.6,6275.0,6319.0,10868.0,13734040640.0
2016/07/18,6298.6,6338.0,6252.2,6266.0,11932.0,15012662080.0
2016/07/19,6281.6,6299.6,6218.2,6272.8,12937.0,16215261360.0
2016/07/20,6294.0,6337.6,6263.8,6265.4,12788.0,16104046320.0
2016/07/21,6276.8,6378.0,6272.2,6310.0,13796.0,17445677720.0
2016/07/22,6299.0,6332.4,6259.0,6272.6,12238.0,15392775280.0
2016/07/25,6256.0,6326.0,6248.0,6290.4,11452.0,14402427960.0
2016/07/26,6286.2,6396.8,6286.2,6393.4,12105.0,15378603120.0
2016/07/27,6395.2,6416.4,6042.2,6104.2,18101.0,22580091120.0
2016/07/28,6120.2,6160.4,6060.2,6125.6,13897.0,17010401080.0
2016/07/29,6142.0,6154.4,6081.0,6103.0,11027.0,13503226520.0
2016/08/01,6088.0,6104.0,5960.2,6028.2,12872.0,15480902680.0
2016/08/02,6055.6,6100.0,6029.4,6083.0,10792.0,13084227840.0
2016/08/03,6072.8,6124.8,6063.0,6102.6,10729.0,13092177720.0
2016/08/04,6109.8,6166.6,6086.4,6164.8,10270.0,12593034320.0
2016/08/05,6155.8,6169.6,6128.8,6147.2,9936.0,12217914640.0
2016/08/08,6144.4,6248.6,6088.4,6248.2,12776.0,15774331040.0
2016/08/09,6247.8,6302.8,6237.4,6297.2,10365.0,13001084160.0
2016/08/10,6295.8,6321.4,6274.4,6286.2,9411.0,11850636480.0
2016/08/11,6279.6,6286.0,6193.0,6196.0,12373.0,15445430800.0
2016/08/12,6200.0,6295.6,6177.0,6260.4,12572.0,15642846200.0
2016/08/15,6285.2,6455.4,6263.0,6405.2,13954.0,17770043280.0
2016/08/16,6425.0,6480.0,6425.0,6458.2,10161.0,13129169360.0
2016/08/17,6448.0,6488.6,6431.0,6470.8,8868.0,11462167680.0
2016/08/18,6366.4,6424.0,6326.4,6379.8,9146.0,11686173000.0
2016/08/19,6386.2,6419.8,6345.0,6385.6,10250.0,13082418000.0
2016/08/22,6391.2,6428.0,6306.2,6320.6,10581.0,13464647160.0
2016/08/23,6334.8,6360.4,6234.2,6308.6,11066.0,13985943200.0
2016/08/24,6336.8,6364.4,6295.6,6314.2,10619.0,13440868000.0
2016/08/25,6279.8,6285.0,6188.0,6280.0,11643.0,14520323560.0
2016/08/26,6305.8,6379.4,6262.0,6279.2,11926.0,15086621160.0
2016/08/29,6279.2,6347.4,6279.0,6327.2,10281.0,12987679560.0
2016/08/30,6329.0,6377.0,6300.0,6330.0,10811.0,13690394680.0
2016/08/31,6326.8,6349.6,6272.0,6343.0,10943.0,13822037280.0
2016/09/01,6340.0,6357.0,6265.8,6279.0,9918.0,12548020880.0
2016/09/02,6273.2,6333.4,6251.0,6271.0,11016.0,13860467880.0
2016/09/05,6302.6,6357.0,6296.8,6309.2,10397.0,13148265760.0
2016/09/06,6312.8,6449.8,6251.0,6445.8,13791.0,17530645400.0
2016/09/07,6452.0,6477.0,6423.0,6429.0,10452.0,13491833680.0
2016/09/08,6430.0,6482.2,6430.0,6477.2,9125.0,11771379520.0
2016/09/09,6475.0,6487.2,6440.4,6445.0,9821.0,12696988360.0
2016/09/12,6340.0,6355.2,6252.6,6256.0,12212.0,15403472200.0
2016/09/13,6298.2,6313.0,6277.0,6292.2,9278.0,11679876120.0
2016/09/14,6271.4,6308.8,6260.0,6270.0,7367.0,9263480920.0
2016/09/19,6180.2,6228.8,6180.2,6223.8,9338.0,11602915040.0
2016/09/20,6223.6,6232.0,6200.4,6217.6,7581.0,9426120680.0
2016/09/21,6228.0,6268.0,6218.0,6248.2,8710.0,10878485880.0
2016/09/22,6280.0,6332.8,6280.0,6293.2,9687.0,12210262040.0
2016/09/23,6316.2,6316.2,6286.0,6298.6,7098.0,8941001920.0
2016/09/26,6288.6,6298.6,6185.2,6201.2,10152.0,12695791600.0
2016/09/27,6238.8,6251.0,6172.0,6245.6,9823.0,12201838000.0
2016/09/28,6248.6,6258.0,6222.2,6240.2,7648.0,9543279880.0
2016/09/29,6254.8,6314.0,6247.6,6299.8,9244.0,11624501120.0
2016/09/30,6289.4,6325.2,6283.2,6318.6,7227.0,9111695560.0
2016/10/10,6348.8,6449.6,6168.0,6444.6,9917.0,12654722600.0
2016/10/11,6446.4,6461.8,6435.0,6454.8,7340.0,9464197840.0
2016/10/12,6442.0,6463.4,6435.8,6448.2,6550.0,8448670680.0
2016/10/13,6457.8,6484.4,6442.2,6462.0,7093.0,9170335600.0
2016/10/14,6461.6,6474.0,6410.0,6467.0,8630.0,11117699440.0
2016/10/17,6482.0,6496.8,6376.2,6418.0,8847.0,11405780520.0
2016/10/18,6419.4,6516.0,6415.4,6505.4,9688.0,12528699600.0
2016/10/19,6510.2,6534.4,6479.0,6491.2,7588.0,9876649400.0
2016/10/20,6400.6,6426.6,6393.0,6418.0,6485.0,8314081920.0
2016/10/21,6416.0,6432.0,6342.6,6396.6,10157.0,12988112440.0
2016/10/24,6428.8,6506.6,6401.2,6471.4,9400.0,12148181240.0
2016/10/25,6488.0,6495.8,6475.4,6487.0,6243.0,8098430160.0
2016/10/26,6488.0,6488.0,6438.8,6471.0,8054.0,10410387000.0
2016/10/27,6471.0,6474.0,6423.4,6458.2,7592.0,9789968000.0
2016/10/28,6458.6,6485.0,6395.4,6411.0,8917.0,11483266520.0
2016/10/31,6403.8,6413.0,6360.4,6407.6,7567.0,9671240680.0
2016/11/01,6410.0,6473.6,6403.8,6465.0,8223.0,10586874160.0
2016/11/02,6455.0,6461.0,6397.4,6400.0,7714.0,9921807080.0
2016/11/03,6396.6,6493.4,6392.4,6435.0,9540.0,12294295520.0
2016/11/04,6435.0,6477.8,6406.4,6419.6,7402.0,9534542120.0
2016/11/07,6438.8,6454.0,6398.0,6409.0,7276.0,9350222840.0
2016/11/08,6434.0,6488.0,6425.0,6469.0,8041.0,10376542280.0
2016/11/09,6467.4,6475.8,6307.2,6405.0,11217.0,14384448560.0
2016/11/10,6473.0,6517.6,6472.0,6499.0,8109.0,10536243640.0
2016/11/11,6496.8,6573.6,6485.0,6563.0,8360.0,10915892480.0
2016/11/14,6552.6,6618.0,6547.2,6586.6,8049.0,10602101280.0
2016/11/15,6532.8,6532.8,6493.2,6519.2,3372.0,4390182120.0
2016/11/16,6539.4,6552.8,6522.2,6538.4,4631.0,6054070280.0
2016/11/17,6520.4,6547.0,6480.0,6547.0,6731.0,8777855680.0
2016/11/18,6549.8,6549.8,6492.0,6506.8,7552.0,9853893360.0
2016/11/21,6511.2,6573.2,6502.0,6523.2,8422.0,10998126440.0
2016/11/22,6535.2,6593.6,6531.0,6593.6,7467.0,9792887480.0
2016/11/23,6615.0,6615.0,6550.2,6561.8,7611.0,10011125880.0
2016/11/24,6568.4,6574.6,6531.8,6547.6,6412.0,8407621560.0
2016/11/25,6541.0,6586.6,6449.0,6564.8,9326.0,12151285760.0
2016/11/28,6595.8,6617.8,6553.2,6596.4,7392.0,9733475720.0
2016/11/29,6588.0,6608.8,6530.2,6556.8,7785.0,10231331600.0
2016/11/30,6543.0,6589.0,6506.4,6531.2,8352.0,10937486240.0
2016/12/01,6540.2,6592.2,6533.0,6572.0,7066.0,9273508160.0
2016/12/02,6550.2,6563.0,6430.2,6433.0,8206.0,10677590880.0
2016/12/05,6395.0,6492.0,6388.0,6430.0,7184.0,9270356800.0
2016/12/06,6451.6,6479.8,6421.6,6431.4,6802.0,8780438840.0
2016/12/07,6443.0,6499.6,6417.6,6488.6,7362.0,9520615600.0
2016/12/08,6491.2,6505.0,6475.0,6488.8,6546.0,8498686480.0
2016/12/09,6470.0,6499.8,6456.0,6456.0,6655.0,8625092200.0
2016/12/12,6459.2,6492.6,6156.6,6174.6,9657.0,12242988880.0
2016/12/13,6188.6,6253.2,6161.6,6231.0,8125.0,10098176080.0
2016/12/14,6231.0,6292.0,6197.0,6224.0,7622.0,9520384800.0
2016/12/15,6086.4,6197.0,6074.8,6150.2,7635.0,9378303800.0
2016/12/16,6148.4,6221.0,6148.4,6204.4,7394.0,9159335840.0
2016/12/19,6204.0,6209.4,6153.2,6198.0,6142.0,7603759000.0
2016/12/20,6190.4,6216.4,6164.2,6183.8,6587.0,8149638320.0
2016/12/21,6200.4,6264.0,6200.4,6256.6,6920.0,8632224640.0
2016/12/22,6249.4,6254.6,6187.8,6235.0,6495.0,8080210160.0
2016/12/23,6230.2,6235.0,6170.2,6209.8,6058.0,7513116320.0
2016/12/26,6181.6,6226.8,6114.6,6219.8,7211.0,8900345120.0
2016/12/27,6216.0,6237.6,6212.0,6216.0,4972.0,6189154760.0
2016/12/28,6224.8,6232.6,6186.4,6218.0,5091.0,6333199120.0
2016/12/29,6214.8,6250.8,6184.4,6215.8,6280.0,7811686880.0
2016/12/30,6225.0,6247.0,6191.2,6210.6,5919.0,7360554240.0
2017/01/03,6242.0,6297.0,6225.2,6275.8,6343.0,7956803000.0
2017/01/04,6275.8,6372.0,6267.0,6367.0,6933.0,8771195160.0
2017/01/05,6362.0,6371.8,6347.0,6359.0,5089.0,6473341240.0
2017/01/06,6357.6,6366.0,6321.2,6339.0,5434.0,6890604720.0
2017/01/09,6336.0,6382.6,6328.0,6373.8,5638.0,7169432840.0
2017/01/10,6375.0,6388.6,6343.2,6344.6,5327.0,6784404480.0
2017/01/11,6339.2,6382.2,6295.0,6297.6,6579.0,8335130680.0
2017/01/12,6302.4,6321.2,6233.0,6238.4,6221.0,7817887160.0
2017/01/13,6245.2,6267.4,6170.8,6178.4,7654.0,9529412200.0
2017/01/16,6171.8,6190.0,5874.8,6011.4,9088.0,11027497120.0
2017/01/17,5998.0,6070.0,5956.8,6065.0,8087.0,9742689760.0
2017/01/18,6059.0,6105.0,6038.0,6073.8,7472.0,9077618880.0
2017/01/19,5984.6,6018.4,5951.2,5995.0,6708.0,8037856040.0
2017/01/20,5988.0,6108.0,5983.0,6082.8,8844.0,10735028800.0
2017/01/23,6095.0,6157.6,6095.0,6114.2,6444.0,7892439720.0
2017/01/24,6109.8,6129.6,6090.4,6123.0,5648.0,6902507040.0
2017/01/25,6102.4,6158.0,6091.6,6155.0,5634.0,6914524600.0
2017/01/26,6162.8,6197.6,6152.6,6188.8,4638.0,5728004760.0
2017/02/03,6190.0,6199.8,6079.6,6165.0,5183.0,6378474920.0
2017/02/06,6171.2,6207.2,6147.8,6199.6,6191.0,7654544440.0
2017/02/07,6200.0,6218.6,6163.0,6187.4,6258.0,7746606720.0
2017/02/08,6180.0,6261.8,6166.0,6246.6,6954.0,8631748600.0
2017/02/09,6248.0,6299.0,6244.6,6284.8,6392.0,8029932440.0
2017/02/10,6288.0,6306.8,6269.0,6294.2,7018.0,8825118160.0
2017/02/13,6295.2,6348.4,6284.2,6330.2,6313.0,7982487080.0
2017/02/14,6252.6,6259.4,6225.4,6253.0,2836.0,3542918400.0
2017/02/15,6249.8,6266.2,6194.0,6200.2,4539.0,5657703640.0
2017/02/16,6200.2,6263.8,6198.8,6260.4,6413.0,8000812200.0
2017/02/17,6295.8,6295.8,6200.0,6213.0,8960.0,11187200800.0
2017/02/20,6220.2,6315.0,6218.4,6313.8,10098.0,12654832000.0
2017/02/21,6311.0,6361.4,6302.4,6341.0,9310.0,11801363560.0
2017/02/22,6348.0,6395.2,6338.0,6389.6,9035.0,11508845760.0
2017/02/23,6389.4,6407.0,6348.4,6397.6,9983.0,12737246600.0
2017/02/24,6390.4,6413.0,6375.4,6410.6,8443.0,10794328240.0
2017/02/27,6410.0,6410.0,6332.2,6348.0,9370.0,11941464440.0
2017/02/28,6350.2,6387.8,6347.2,6376.4,9387.0,11953565840.0
2017/03/01,6375.8,6444.0,6363.6,6397.8,10832.0,13883088720.0
2017/03/02,6416.8,6423.8,6362.2,6390.0,9945.0,12705381360.0
2017/03/03,6379.8,6418.0,6346.2,6393.0,10414.0,13299788440.0
2017/03/06,6404.8,6479.8,6403.4,6459.8,9589.0,12382561120.0
2017/03/07,6463.8,6469.6,6433.6,6465.0,8213.0,10602934600.0
2017/03/08,6466.0,6466.0,6427.4,6449.6,8016.0,10337579880.0
2017/03/09,6436.0,6442.4,6361.2,6390.8,10675.0,13651988680.0
2017/03/10,6397.8,6429.8,6392.4,6410.4,8480.0,10874225280.0
2017/03/13,6404.8,6489.8,6365.4,6484.6,10438.0,13459005560.0
2017/03/14,6487.2,6503.8,6461.0,6470.0,8196.0,10625713880.0
2017/03/15,6464.6,6486.0,6455.4,6466.4,8862.0,11469930280.0
2017/03/16,6398.2,6474.4,6398.2,6469.4,9012.0,11611435320.0
2017/03/17,6485.0,6553.0,6393.0,6410.0,12413.0,16052234080.0
2017/03/20,6423.6,6434.4,6385.0,6427.0,9473.0,12147463880.0
2017/03/21,6426.6,6445.0,6403.4,6445.0,8546.0,10977695560.0
2017/03/22,6415.8,6442.4,6372.8,6428.8,10292.0,13202263280.0
2017/03/23,6441.0,6477.4,6382.0,6450.0,12578.0,16199815120.0
2017/03/24,6451.4,6535.0,6445.8,6527.8,11786.0,15290658480.0
2017/03/27,6533.4,6534.0,6466.4,6480.6,10213.0,13264625680.0
2017/03/28,6485.0,6496.0,6453.2,6467.2,8921.0,11551657640.0
2017/03/29,6470.0,6491.8,6406.4,6443.6,11307.0,14596863040.0
2017/03/30,6438.0,6454.6,6354.0,6366.4,12536.0,16046840520.0
2017/03/31,6378.6,6394.2,6352.6,6380.2,9206.0,11741494280.0
2017/04/05,6418.0,6545.0,6418.0,6538.6,11851.0,15405613600.0
2017/04/06,6547.0,6548.4,6514.0,6536.0,8650.0,11298274240.0
2017/04/07,6528.8,6578.0,6510.2,6556.0,8807.0,11523286720.0
2017/04/10,6551.2,6569.4,6537.4,6546.0,7268.0,9522853400.0
2017/04/11,6549.0,6618.4,6509.0,6602.2,11275.0,14813209160.0
2017/04/12,6608.8,6609.8,6547.8,6555.8,9866.0,12984394240.0
2017/04/13,6550.2,6627.8,6550.2,6610.0,9324.0,12305871480.0
2017/04/14,6605.0,6608.4,6503.2,6518.8,11205.0,14672450160.0
2017/04/17,6505.2,6516.0,6425.4,6443.2,11107.0,14363283080.0
2017/04/18,6455.0,6484.6,6418.0,6422.2,9838.0,12706907960.0
2017/04/19,6400.0,6408.6,6284.0,6346.6,11663.0,14784944200.0
2017/04/20,6350.2,6383.8,6312.6,6347.8,7678.0,9756001760.0
2017/04/21,6316.8,6340.6,6252.0,6260.2,11332.0,14270357080.0
2017/04/24,6244.8,6257.0,6106.0,6108.4,11588.0,14280933440.0
2017/04/25,6129.2,6182.4,6115.6,6128.0,10751.0,13223176320.0
2017/04/26,6128.0,6176.0,6128.0,6142.0,9484.0,11681045200.0
2017/04/27,6129.0,6180.4,6026.0,6160.0,13148.0,16055217040.0
2017/04/28,6155.0,6188.0,6148.4,6180.4,9521.0,11745099680.0
2017/05/02,6180.0,6187.4,6153.0,6176.0,7378.0,9105226080.0
2017/05/03,6175.0,6207.6,6136.0,6156.2,8925.0,11012286920.0
2017/05/04,6147.8,6217.4,6121.0,6123.6,11114.0,13696374720.0
2017/05/05,6113.8,6141.0,6047.0,6057.8,11746.0,14343336440.0
2017/05/08,6050.2,6069.8,5945.2,5951.2,11810.0,14212153760.0
2017/05/09,5950.0,5998.4,5907.8,5987.0,13017.0,15508158960.0
2017/05/10,5993.2,6016.0,5839.6,5842.2,13186.0,15695900040.0
2017/05/11,5826.0,5872.0,5706.0,5827.2,15025.0,17431405840.0
2017/05/12,5834.0,5857.6,5786.8,5827.2,12302.0,14328261560.0
2017/05/15,5852.6,5914.0,5852.6,5876.8,10723.0,12608327120.0
2017/05/16,5865.0,6020.0,5822.2,6009.8,12510.0,14773319800.0
2017/05/17,5967.6,6021.4,5963.2,5981.6,7182.0,8608952600.0
2017/05/18,5940.0,6007.8,5908.0,5920.0,10683.0,12721690560.0
2017/05/19,5930.0,5953.0,5884.0,5913.6,11508.0,13618972680.0
2017/05/22,5918.8,5953.4,5804.0,5828.6,13770.0,16189217240.0
2017/05/23,5828.6,5854.8,5710.0,5716.0,14652.0,16959483400.0
2017/05/24,5700.0,5773.0,5641.2,5759.0,17961.0,20533423960.0
2017/05/25,5757.2,5861.8,5691.0,5810.6,18142.0,20934795360.0
2017/05/26,5814.0,5864.0,5797.2,5814.6,13410.0,15636830440.0
2017/05/31,5891.0,5924.6,5762.6,5772.6,14585.0,17032592680.0
2017/06/01,5748.0,5796.0,5658.2,5667.0,13960.0,16031999120.0
2017/06/02,5662.8,5774.2,5613.6,5753.2,16216.0,18452439280.0
2017/06/05,5779.4,5824.8,5761.8,5775.0,13961.0,16182055120.0
2017/06/06,5773.0,5834.8,5767.2,5807.2,13789.0,15991102400.0
2017/06/07,5810.2,5956.4,5810.2,5952.0,17251.0,20360014040.0
2017/06/08,5949.0,5958.2,5914.8,5940.0,12267.0,14578605800.0
2017/06/09,5930.6,5974.4,5900.2,5964.4,13901.0,16490629640.0
2017/06/12,5935.0,5938.0,5876.6,5882.2,13912.0,16437666320.0
2017/06/13,5882.2,5992.0,5880.4,5955.4,14417.0,17155383440.0
2017/06/14,5963.0,5987.8,5948.2,5956.6,11214.0,13381935280.0
2017/06/15,5915.0,5988.6,5915.0,5964.2,10467.0,12486906760.0
2017/06/16,5969.0,5980.0,5945.4,5957.6,10300.0,12279123480.0
2017/06/19,5958.4,6023.2,5951.0,6006.0,13114.0,15704688480.0
2017/06/20,6016.0,6063.4,6007.6,6029.4,11596.0,13988294000.0
2017/06/21,6029.2,6038.2,5977.0,6034.0,12909.0,15510941720.0
2017/06/22,6029.8,6067.0,5936.0,5944.8,13635.0,16410855440.0
2017/06/23,5950.2,5975.8,5861.2,5953.2,15863.0,18810116880.0
2017/06/26,5978.6,6093.0,5957.4,6085.8,15279.0,18425464360.0
2017/06/27,6088.2,6099.6,6043.2,6061.0,11615.0,14109057200.0
2017/06/28,6055.0,6078.6,6026.4,6048.0,10632.0,12864400200.0
2017/06/29,6064.8,6113.4,6056.0,6074.4,12074.0,14681949920.0
2017/06/30,6056.0,6115.8,6043.2,6097.2,10787.0,13115841680.0
2017/07/03,6102.8,6152.4,6086.0,6146.0,10519.0,12879177240.0
2017/07/04,6147.2,6147.6,6090.8,6119.0,10580.0,12942526720.0
2017/07/05,6114.0,6170.8,6100.8,6161.4,10359.0,12709574960.0
2017/07/06,6162.2,6187.2,6106.6,6146.4,11767.0,14477061160.0
2017/07/07,6137.4,6208.2,6133.6,6183.2,9324.0,11499475400.0
2017/07/10,6177.6,6209.6,6144.2,6165.0,10530.0,13008020960.0
2017/07/11,6173.0,6173.0,6092.2,6108.4,11885.0,14590995120.0
2017/07/12,6117.4,6123.8,6013.8,6085.4,14774.0,17923129040.0
2017/07/13,6100.0,6152.6,6080.4,6108.2,13115.0,16034977840.0
2017/07/14,6101.4,6125.0,6065.4,6093.4,10337.0,12603315760.0
2017/07/17,6080.8,6090.0,5821.2,5825.6,14069.0,16697108560.0
2017/07/18,5825.0,5903.6,5818.0,5899.0,13280.0,15579468280.0
2017/07/19,5898.8,6045.0,5883.0,6033.2,12040.0,14354701680.0
2017/07/20,6038.2,6099.2,6033.4,6074.0,7763.0,9434240080.0
2017/07/21,6017.0,6061.8,6001.0,6041.2,10257.0,12392262680.0
2017/07/24,6044.2,6117.2,6031.0,6083.8,12208.0,14829466280.0
2017/07/25,6085.4,6097.4,6023.8,6081.2,12117.0,14685895200.0
2017/07/26,6099.0,6099.8,6033.4,6070.0,11368.0,13780793920.0
2017/07/27,6065.6,6148.8,6014.8,6129.4,13550.0,16519049120.0
2017/07/28,6120.0,6195.0,6115.2,6185.2,11414.0,14050925040.0
2017/07/31,6181.2,6277.2,6155.6,6265.6,10639.0,13237004400.0
2017/08/01,6266.2,6272.0,6223.4,6247.6,9877.0,12337757240.0
2017/08/02,6258.0,6288.8,6205.0,6225.4,11432.0,14283798760.0
2017/08/03,6215.6,6280.0,6208.0,6233.8,11448.0,14302444560.0
2017/08/04,6235.4,6279.6,6180.2,6185.2,11656.0,14557726640.0
2017/08/07,6205.0,6284.0,6191.8,6280.0,10457.0,13045766080.0
2017/08/08,6280.0,6306.6,6253.6,6272.2,10318.0,12960864440.0
2017/08/09,6270.0,6333.0,6265.0,6317.4,9116.0,11476503160.0
2017/08/10,6296.0,6323.2,6213.6,6251.0,11676.0,14650310000.0
2017/08/11,6231.2,6268.2,6118.2,6139.2,13899.0,17248348400.0
2017/08/14,6159.0,6288.2,6155.0,6286.4,11498.0,14346195760.0
2017/08/15,6283.2,6311.8,6265.8,6292.8,9847.0,12385306560.0
2017/08/16,6248.8,6271.6,6204.0,6259.8,6141.0,7673271280.0
2017/08/17,6277.2,6325.0,6245.0,6319.4,9925.0,12488376280.0
2017/08/18,6295.2,6317.4,6272.2,6286.6,11687.0,14704549120.0
2017/08/21,6300.4,6369.8,6300.2,6358.8,9814.0,12459752120.0
2017/08/22,6361.4,6361.4,6311.2,6336.0,9826.0,12443182600.0
2017/08/23,6330.0,6343.0,6245.8,6285.2,11679.0,14708282240.0
2017/08/24,6295.2,6306.0,6238.0,6248.6,10851.0,13611848200.0
2017/08/25,6254.6,6354.2,6254.4,6327.2,12426.0,15671648560.0
2017/08/28,6340.4,6455.2,6331.4,6417.8,12706.0,16287414360.0
2017/08/29,6418.0,6436.0,6368.4,6389.8,9490.0,12162452240.0
2017/08/30,6391.2,6459.8,6386.0,6433.6,9523.0,12243239920.0
2017/08/31,6441.4,6474.6,6423.0,6464.2,9403.0,12126583160.0
2017/09/01,6474.4,6548.0,6444.8,6528.6,11171.0,14532082240.0
2017/09/04,6536.2,6561.0,6510.8,6548.6,9401.0,12296724560.0
2017/09/05,6548.8,6576.0,6516.4,6569.2,9619.0,12598924400.0
2017/09/06,6554.8,6612.0,6544.0,6593.6,9571.0,12597356960.0
2017/09/07,6595.2,6616.0,6535.8,6549.4,9524.0,12536953120.0
2017/09/08,6556.6,6613.2,6522.0,6553.2,10936.0,14359907760.0
2017/09/11,6562.0,6662.2,6556.2,6661.8,11705.0,15479924440.0
2017/09/12,6671.2,6727.8,6616.8,6646.6,12628.0,16864436560.0
2017/09/13,6641.4,6690.6,6622.4,6681.6,10725.0,14284081520.0
2017/09/14,6689.0,6714.0,6652.4,6681.4,8593.0,11484851000.0
2017/09/15,6632.2,6635.0,6554.0,6588.0,11508.0,15179687240.0
2017/09/18,6577.0,6678.6,6577.0,6678.4,11344.0,15058587520.0
2017/09/19,6684.8,6695.6,6579.2,6600.6,11034.0,14653854080.0
2017/09/20,6606.2,6687.0,6589.6,6668.6,10902.0,14493065000.0
2017/09/21,6673.8,6678.0,6574.0,6594.6,11326.0,15012007880.0
2017/09/22,6583.4,6585.4,6492.6,6532.2,11104.0,14526597560.0
2017/09/25,6536.2,6555.2,6433.6,6440.8,10909.0,14180514440.0
2017/09/26,6450.2,6499.8,6450.0,6485.0,9697.0,12560345040.0
2017/09/27,6495.8,6583.8,6495.0,6560.0,9570.0,12538299760.0
2017/09/28,6559.6,6598.0,6515.6,6552.0,8530.0,11191577280.0
2017/09/29,6564.8,6620.0,6546.6,6598.2,9176.0,12093308080.0
2017/10/09,6699.0,6715.0,6644.4,6684.2,9761.0,13045082920.0
2017/10/10,6690.2,6718.4,6656.0,6717.0,9048.0,12093669560.0
2017/10/11,6726.0,6729.0,6646.2,6660.8,9397.0,12548870640.0
2017/10/12,6656.8,6674.6,6603.4,6650.2,9198.0,12219853240.0
2017/10/13,6661.0,6722.6,6655.4,6722.0,9541.0,12764558000.0
2017/10/16,6728.0,6728.0,6600.0,6606.6,11680.0,15544021200.0
2017/10/17,6600.0,6652.6,6584.4,6591.8,10644.0,14079640560.0
2017/10/18,6598.2,6627.8,6531.2,6542.8,10362.0,13660213600.0
2017/10/19,6543.0,6566.0,6487.0,6497.0,8358.0,10917051920.0
2017/10/20,6460.0,6544.0,6460.0,6530.0,10819.0,14078359560.0
2017/10/23,6536.8,6584.6,6520.2,6576.2,8413.0,11020362880.0
2017/10/24,6570.0,6574.2,6495.8,6560.8,10951.0,14311330120.0
2017/10/25,6565.0,6618.2,6526.0,6599.8,12020.0,15821798960.0
2017/10/26,6599.8,6671.4,6570.2,6622.6,11669.0,15465571040.0
2017/10/27,6625.4,6638.8,6566.0,6601.4,9710.0,12823474920.0
2017/10/30,6600.0,6607.0,6409.0,6468.2,12708.0,16475687200.0
2017/10/31,6468.0,6524.8,6446.6,6507.6,9877.0,12806081160.0
2017/11/01,6520.0,6563.6,6476.4,6481.0,10581.0,13806708080.0
2017/11/02,6480.4,6490.4,6403.0,6440.0,10208.0,13172682280.0
2017/11/03,6440.0,6463.0,6320.0,6362.0,11202.0,14325969640.0
2017/11/06,6380.0,6481.2,6357.2,6475.0,10490.0,13468340720.0
2017/11/07,6479.8,6519.6,6452.4,6514.4,10105.0,13108304680.0
2017/11/08,6515.0,6588.0,6504.6,6541.0,10231.0,13406964360.0
2017/11/09,6540.6,6602.0,6536.0,6600.4,8469.0,11118287520.0
2017/11/10,6594.8,6643.8,6571.6,6619.6,9186.0,12135237120.0
2017/11/13,6627.0,6666.4,6601.0,6654.0,8177.0,10858545800.0
2017/11/14,6642.0,6658.6,6575.8,6591.2,9516.0,12604627000.0
2017/11/15,6541.2,6551.8,6452.0,6481.8,6082.0,7907749040.0
2017/11/16,6483.0,6529.8,6472.2,6506.8,7847.0,10214301600.0
2017/11/17,6515.0,6519.8,6305.0,6323.6,12036.0,15460511480.0
2017/11/20,6325.2,6404.8,6220.0,6389.6,12786.0,16126216520.0
2017/11/21,6389.2,6444.6,6348.0,6418.0,11744.0,15040302560.0
2017/11/22,6430.0,6478.4,6342.4,6375.2,11872.0,15229702120.0
2017/11/23,6385.2,6398.8,6206.6,6208.2,12836.0,16234442360.0
2017/11/24,6208.2,6289.2,6200.0,6227.0,11166.0,13947642400.0
2017/11/27,6242.8,6263.2,6131.4,6136.0,11442.0,14213294160.0
2017/11/28,6147.4,6276.8,6147.4,6262.4,11769.0,14653705400.0
2017/11/29,6255.0,6320.0,6176.8,6273.2,11922.0,14901519840.0
2017/11/30,6260.0,6290.8,6190.8,6200.0,10720.0,13396899200.0
2017/12/01,6218.8,6324.2,6215.0,6279.0,10660.0,13385232360.0
2017/12/04,6279.0,6329.0,6217.6,6233.8,10948.0,13722745520.0
2017/12/05,6226.4,6247.8,6061.4,6098.0,11557.0,14230961200.0
2017/12/06,6103.0,6140.4,6026.0,6132.0,13550.0,16505667920.0
2017/12/07,6129.0,6169.8,6082.4,6085.6,11733.0,14385564480.0
2017/12/08,6088.6,6214.8,6088.6,6174.0,11866.0,14642665480.0
2017/12/11,6198.2,6273.0,6198.2,6270.6,10107.0,12619978200.0
2017/12/12,6260.0,6281.8,6217.2,6226.8,10533.0,13174890400.0
2017/12/13,6233.0,6274.6,6201.6,6273.8,10388.0,12968929800.0
2017/12/14,6278.0,6295.8,6236.0,6284.0,8162.0,10230147680.0
2017/12/15,6259.0,6260.2,6145.8,6207.0,11334.0,14055971200.0
2017/12/18,6216.0,6227.6,6135.2,6161.8,9672.0,11954089600.0
2017/12/19,6177.6,6246.6,6170.6,6234.0,9895.0,12311106440.0
2017/12/20,6230.4,6238.6,6150.0,6158.4,9779.0,12092909600.0
2017/12/21,6160.0,6269.0,6107.2,6227.0,12255.0,15191594120.0
2017/12/22,6234.0,6276.6,6223.2,6243.2,7802.0,9749003080.0
2017/12/25,6245.4,6265.6,6142.6,6162.0,9515.0,11778046000.0
2017/12/26,6163.0,6234.6,6132.2,6219.4,9924.0,12274172520.0
2017/12/27,6230.0,6233.8,6147.8,6156.2,9052.0,11212462640.0
2017/12/28,6145.0,6242.8,6145.0,6206.0,9604.0,11921988840.0
2017/12/29,6206.0,6305.0,6205.2,6280.8,8330.0,10394422200.0
2018/01/02,6293.0,6355.0,6266.6,6345.0,8880.0,11217410360.0
2018/01/03,6350.0,6411.4,6336.4,6388.2,8896.0,11348790760.0
2018/01/04,6375.0,6414.8,6375.0,6406.8,7374.0,9435132840.0
2018/01/05,6407.2,6429.2,6383.6,6400.8,7585.0,9716800000.0
2018/01/08,6400.8,6443.6,6378.6,6433.0,7945.0,10195577680.0
2018/01/09,6433.0,6437.6,6402.2,6435.0,7365.0,9457612320.0
2018/01/10,6427.0,6436.2,6360.0,6406.6,8377.0,10709147680.0
2018/01/11,6384.8,6443.0,6372.2,6423.2,8463.0,10846720440.0
2018/01/12,6419.8,6428.2,6372.8,6401.2,8205.0,10505557040.0
2018/01/15,6393.2,6396.0,6242.2,6273.0,9382.0,11850684400.0
2018/01/16,6261.2,6317.8,6261.2,6285.6,9437.0,11871699680.0
2018/01/17,6279.6,6299.2,6193.2,6250.0,10326.0,12904266760.0
2018/01/18,6252.0,6316.8,6246.2,6285.6,6976.0,8771201520.0
2018/01/19,6268.0,6304.2,6223.0,6232.0,8889.0,11137314960.0
2018/01/22,6234.8,6359.8,6200.8,6348.6,10788.0,13577432440.0
2018/01/23,6346.8,6377.0,6323.6,6345.8,8050.0,10218044240.0
2018/01/24,6350.0,6430.0,6326.6,6409.6,10524.0,13430338000.0
2018/01/25,6395.0,6449.6,6382.0,6387.0,9106.0,11691447240.0
2018/01/26,6387.0,6413.8,6377.0,6397.0,7311.0,9351343880.0
2018/01/29,6396.8,6430.4,6287.2,6312.2,9592.0,12188254920.0
2018/01/30,6307.8,6346.0,6291.4,6302.8,7853.0,9932585160.0
2018/01/31,6280.0,6285.0,6156.6,6186.6,9923.0,12323464400.0
2018/02/01,6189.8,6212.0,5961.4,5970.0,11166.0,13572511200.0
2018/02/02,5959.4,6018.6,5832.6,5986.2,11551.0,13756238000.0
2018/02/05,5930.0,6015.8,5916.4,5979.8,8507.0,10150531560.0
2018/02/06,5913.0,5933.2,5651.8,5686.8,12013.0,13985899360.0
2018/02/07,5805.2,5837.0,5606.8,5663.0,12850.0,14729347080.0
2018/02/08,5689.0,5804.8,5680.0,5747.0,10648.0,12260628520.0
2018/02/09,5645.0,5678.0,5453.2,5504.0,11985.0,13364141080.0
2018/02/12,5528.0,5698.0,5528.0,5637.8,5657.0,6376226880.0
2018/02/13,5670.2,5758.0,5668.2,5688.0,6464.0,7383982080.0
2018/02/14,5680.0,5715.0,5660.0,5708.0,6253.0,7113669000.0
2018/02/22,5780.0,5836.0,5738.8,5825.0,9041.0,10481676800.0
2018/02/23,5830.0,5853.4,5777.0,5833.4,9405.0,10946426000.0
2018/02/26,5876.6,6013.8,5865.0,6004.6,11347.0,13481589160.0
2018/02/27,5998.0,6022.6,5965.0,5979.6,9180.0,11010456400.0
2018/02/28,5953.6,6026.0,5918.2,5983.4,10025.0,11988849680.0
2018/03/01,5957.8,6074.4,5941.2,6057.8,10536.0,12695557360.0
2018/03/02,6019.8,6068.0,6005.0,6035.2,10214.0,12324631720.0
2018/03/05,6050.2,6066.4,5970.2,6019.2,9630.0,11583874120.0
2018/03/06,6035.8,6116.0,6025.2,6111.8,10569.0,12841201120.0
2018/03/07,6095.0,6106.0,6023.6,6031.0,10792.0,13106372720.0
2018/03/08,6049.0,6107.6,6039.0,6095.4,9471.0,11511405000.0
2018/03/09,6108.8,6207.8,6096.4,6198.8,10397.0,12799387920.0
2018/03/12,6233.0,6295.8,6225.6,6275.4,10294.0,12901279440.0
2018/03/13,6274.6,6284.6,6233.2,6241.0,9979.0,12492871960.0
2018/03/14,6234.4,6253.8,6157.4,6177.0,10245.0,12725167080.0
2018/03/15,6165.0,6214.0,6101.0,6172.0,9762.0,12021131120.0
2018/03/16,6124.6,6159.8,6067.6,6084.6,9291.0,11368298920.0
2018/03/19,6088.0,6158.6,6044.2,6080.4,10304.0,12578941480.0
2018/03/20,6050.0,6138.4,6022.6,6103.2,9947.0,12101205360.0
2018/03/21,6123.4,6185.2,6028.0,6040.0,11123.0,13625525520.0
2018/03/22,6075.0,6097.0,6000.2,6037.4,11465.0,13878701080.0
2018/03/23,5871.0,5930.0,5630.2,5665.6,14660.0,17009353200.0
2018/03/26,5681.0,5855.8,5632.0,5846.0,12595.0,14493253160.0
2018/03/27,5907.0,6013.4,5899.6,6005.6,12593.0,15015272920.0
2018/03/28,5934.0,5977.4,5891.4,5915.2,12729.0,15115288840.0
2018/03/29,5951.2,6018.8,5890.2,6012.0,12209.0,14528403360.0
2018/03/30,6022.0,6105.0,6017.4,6101.0,10296.0,12472439360.0
2018/04/02,6129.8,6157.8,6060.6,6075.0,10232.0,12506690720.0
2018/04/03,6001.0,6048.8,5953.0,6023.4,10982.0,13177147200.0
2018/04/04,6055.0,6081.8,5950.2,5976.0,10466.0,12598782880.0
2018/04/09,5986.4,6049.0,5919.2,5981.8,10941.0,13112229200.0
2018/04/10,6000.0,6050.0,5950.6,6048.0,12088.0,14504757840.0
2018/04/11,6078.6,6098.4,6047.4,6055.0,9679.0,11753948280.0
2018/04/12,6047.4,6083.8,6003.2,6022.8,9205.0,11127404040.0
2018/04/13,6060.2,6080.0,5982.6,6010.0,10134.0,12217047400.0
2018/04/16,6018.8,6052.2,5934.0,5989.0,10370.0,12437450680.0
2018/04/17,6008.8,6028.8,5856.4,5888.0,12000.0,14259454000.0
2018/04/18,5936.6,5996.2,5812.2,5951.0,13007.0,15352914120.0
2018/04/19,5965.0,6064.2,5960.8,6000.0,9371.0,11264538840.0
2018/04/20,5939.8,5950.4,5802.0,5837.0,12024.0,14143990480.0
2018/04/23,5852.2,5881.6,5692.0,5779.2,11262.0,13036479600.0
2018/04/24,5781.4,5935.8,5781.4,5913.2,11338.0,13331301200.0
2018/04/25,5895.0,5933.0,5882.2,5913.0,8883.0,10499388320.0
2018/04/26,5908.0,5928.4,5796.0,5806.4,10446.0,12224165840.0
2018/04/27,5836.0,5855.6,5769.2,5852.2,10844.0,12632452800.0
2018/05/02,5860.2,5887.4,5781.0,5827.8,9384.0,10935509280.0
2018/05/03,5815.0,5919.4,5744.0,5892.4,11627.0,13549496080.0
2018/05/04,5887.2,5921.8,5861.4,5881.0,9115.0,10737591720.0
2018/05/07,5911.0,6024.6,5891.2,6001.0,9567.0,11433402160.0
2018/05/08,6018.0,6033.8,5992.4,6028.6,8181.0,9845063400.0
2018/05/09,6027.6,6041.8,5983.0,6011.0,7028.0,8448700040.0
2018/05/10,6020.0,6054.0,5973.8,6036.4,8003.0,9630668600.0
2018/05/11,6039.6,6047.4,5980.6,5993.0,8459.0,10161801600.0
2018/05/14,5999.0,6020.2,5939.8,5964.0,8415.0,10073607280.0
2018/05/15,5976.6,6026.2,5948.8,6020.0,9470.0,11339912880.0
2018/05/16,5964.0,5999.8,5949.0,5966.0,6116.0,7306423440.0
2018/05/17,5966.0,5978.6,5916.0,5925.0,8776.0,10426962040.0
2018/05/18,5925.0,5980.0,5884.6,5975.2,11485.0,13628568800.0
2018/05/21,6015.0,6069.0,6013.6,6027.4,10421.0,12597913000.0
2018/05/22,6028.2,6072.8,6020.2,6066.0,8316.0,10050539640.0
2018/05/23,6060.0,6060.0,5975.2,5992.4,10502.0,12625049480.0
2018/05/24,5995.2,6008.0,5950.2,5966.8,8614.0,10301327280.0
2018/05/25,5961.2,5966.6,5863.4,5874.8,9843.0,11633689320.0
2018/05/28,5883.6,5928.4,5836.4,5878.4,9884.0,11618982000.0
2018/05/29,5871.0,5908.8,5791.0,5794.4,10724.0,12554858000.0
2018/05/30,5743.2,5748.8,5645.0,5653.2,12024.0,13716746520.0
2018/05/31,5698.0,5749.6,5652.0,5738.0,10843.0,12374508400.0
2018/06/01,5717.8,5729.6,5621.2,5664.0,9966.0,11318006360.0
2018/06/04,5682.0,5693.8,5628.8,5671.0,9799.0,11102902840.0
2018/06/05,5672.4,5774.6,5672.4,5770.2,10344.0,11834524280.0
2018/06/06,5773.2,5773.2,5725.8,5765.6,8861.0,10191363640.0
2018/06/07,5779.8,5799.0,5707.0,5732.0,9629.0,11059810200.0
2018/06/08,5721.8,5726.8,5608.4,5658.6,10768.0,12181089840.0
2018/06/11,5645.0,5678.8,5588.0,5639.2,11261.0,12703608280.0
2018/06/12,5642.4,5704.8,5592.6,5686.8,12016.0,13594708120.0
2018/06/13,5673.4,5684.8,5598.8,5603.0,10973.0,12394238520.0
2018/06/14,5530.6,5610.4,5519.6,5543.0,8466.0,9409586680.0
2018/06/15,5542.4,5562.8,5298.2,5436.6,12403.0,13543829160.0
2018/06/19,5359.6,5359.8,4952.2,5057.8,13418.0,13949292600.0
2018/06/20,5050.0,5188.0,5028.0,5142.2,12454.0,12715500760.0
2018/06/21,5155.0,5199.0,4995.6,5010.0,13828.0,14090286120.0
2018/06/22,4989.0,5127.0,4964.2,5110.8,13724.0,13902602960.0
2018/06/25,5138.6,5158.8,5028.8,5028.8,11600.0,11837441400.0
2018/06/26,5015.0,5138.2,5001.8,5095.0,13682.0,13890231280.0
2018/06/27,5099.0,5154.2,4996.2,5001.0,14010.0,14241527600.0
2018/06/28,5011.2,5119.6,4982.4,5007.2,13275.0,13424551360.0
2018/06/29,5030.0,5205.2,5002.2,5185.4,14201.0,14526413200.0
2018/07/02,5176.6,5225.0,5037.0,5100.0,14354.0,14754055600.0
2018/07/03,5116.2,5180.6,4992.0,5144.0,15603.0,15902013080.0
2018/07/04,5131.0,5150.0,5043.0,5085.4,13396.0,13641164240.0
2018/07/05,5065.2,5091.4,4919.6,4920.2,15688.0,15735446000.0
2018/07/06,4941.6,5047.6,4852.0,4948.0,17594.0,17462831200.0
2018/07/09,4991.6,5091.0,4988.0,5088.0,12790.0,12901927840.0
2018/07/10,5098.6,5124.8,5051.2,5115.0,12007.0,12222068720.0
2018/07/11,5003.8,5048.8,4919.0,5008.8,15491.0,15449708360.0
2018/07/12,5018.0,5190.8,5017.8,5178.4,15754.0,16153001720.0
2018/07/13,5178.4,5209.4,5152.0,5191.0,10698.0,11086018560.0
2018/07/16,5197.2,5220.8,5152.0,5199.2,11888.0,12317894880.0
2018/07/17,5199.0,5203.0,5116.4,5184.4,13293.0,13724939720.0
2018/07/18,5209.8,5232.0,5150.0,5159.2,12391.0,12859687280.0
2018/07/19,5169.0,5187.0,5081.2,5119.4,9317.0,9566708440.0
2018/07/20,5040.0,5165.4,5031.4,5145.2,14232.0,14506960360.0
2018/07/23,5117.6,5208.4,5114.0,5191.0,12866.0,13272554560.0
2018/07/24,5195.0,5328.0,5195.0,5299.0,13444.0,14194280160.0
2018/07/25,5306.6,5332.8,5281.0,5297.8,9731.0,10314085280.0
2018/07/26,5297.8,5308.0,5241.6,5261.6,10676.0,11254723440.0
2018/07/27,5270.2,5279.8,5205.0,5230.0,11181.0,11730795440.0
2018/07/30,5217.0,5245.2,5138.0,5140.4,12004.0,12446456160.0
2018/07/31,5145.0,5205.8,5130.0,5157.4,10809.0,11164555400.0
2018/08/01,5188.0,5239.8,5056.0,5074.8,14046.0,14483700120.0
2018/08/02,5066.6,5075.8,4832.4,4946.4,16415.0,16226960120.0
2018/08/03,4950.2,4991.0,4870.0,4878.2,13124.0,12933659600.0
2018/08/06,4885.0,4908.8,4755.2,4806.0,14422.0,13948414920.0
2018/08/07,4817.2,4944.4,4767.8,4929.0,14565.0,14158946560.0
2018/08/08,4919.4,4922.2,4827.2,4855.4,13709.0,13380905800.0
2018/08/09,4846.6,5031.4,4833.2,4977.0,15715.0,15588332200.0
2018/08/10,4988.2,5027.6,4967.0,5012.8,11164.0,11155238040.0
2018/08/13,4971.6,5080.0,4931.4,5046.4,14081.0,14068474120.0
2018/08/14,5006.0,5010.4,4956.6,4995.8,4991.0,4972031720.0
2018/08/15,4992.4,4992.6,4847.4,4878.0,8429.0,8274950360.0
2018/08/16,4813.0,4905.0,4771.6,4820.4,12295.0,11920113000.0
2018/08/17,4879.0,4896.6,4701.0,4738.0,14459.0,13905582080.0
2018/08/20,4746.0,4797.0,4684.6,4783.6,15399.0,14607381320.0
2018/08/21,4788.8,4876.0,4760.2,4825.0,14917.0,14387556200.0
2018/08/22,4817.2,4829.0,4772.8,4806.0,12547.0,12042387440.0
2018/08/23,4799.6,4859.2,4745.8,4826.2,17385.0,16736790680.0
2018/08/24,4810.2,4847.0,4775.2,4809.4,13512.0,12996230680.0
2018/08/27,4835.6,4947.0,4820.2,4931.4,14100.0,13809998800.0
2018/08/28,4942.8,4957.4,4910.0,4936.8,10748.0,10604588120.0
2018/08/29,4934.6,4937.6,4883.0,4918.2,11076.0,10869960720.0
2018/08/30,4918.0,4923.2,4826.4,4846.0,12858.0,12498681200.0
2018/08/31,4822.0,4836.6,4757.0,4783.4,13960.0,13396103120.0
2018/09/03,4767.0,4822.8,4715.4,4819.6,13878.0,13227402000.0
2018/09/04,4814.6,4895.2,4798.2,4857.6,13815.0,13379404600.0
2018/09/05,4850.0,4867.2,4781.2,4785.0,12599.0,12164087360.0
2018/09/06,4775.4,4837.6,4740.0,4767.8,13886.0,13310028080.0
2018/09/07,4788.0,4865.0,4720.2,4765.0,16556.0,15865601360.0
2018/09/10,4760.0,4770.8,4673.0,4684.2,13075.0,12325591080.0
2018/09/11,4687.2,4735.0,4653.8,4694.4,13708.0,12850116760.0
2018/09/12,4694.4,4728.4,4656.2,4675.0,14078.0,13208840800.0
2018/09/13,4726.8,4769.0,4636.8,4718.0,16472.0,15482451680.0
2018/09/14,4722.6,4726.4,4653.4,4654.4,13491.0,12639306880.0
2018/09/17,4633.4,4634.2,4574.2,4602.8,13249.0,12197505040.0
2018/09/18,4588.6,4698.4,4581.6,4679.4,17179.0,15913443880.0
2018/09/19,4679.0,4783.2,4667.0,4734.4,15449.0,14591980800.0
2018/09/20,4696.8,4738.8,4695.2,4714.4,9041.0,8517960920.0
2018/09/21,4729.2,4829.2,4700.2,4827.8,15878.0,15120247160.0
2018/09/25,4786.0,4813.0,4753.2,4793.2,11759.0,11246205800.0
2018/09/26,4805.0,4851.6,4767.6,4800.0,14400.0,13844598240.0
2018/09/27,4802.4,4818.0,4746.2,4764.6,11455.0,10952464400.0
2018/09/28,4772.2,4827.0,4733.6,4820.4,13211.0,12630536120.0
2018/10/08,4722.0,4741.6,4640.4,4654.8,12383.0,11620678080.0
2018/10/09,4664.2,4690.0,4606.2,4624.8,12130.0,11266344240.0
2018/10/10,4631.2,4670.0,4578.2,4639.2,13905.0,12883231480.0
2018/10/11,4499.0,4506.0,4243.0,4258.2,17959.0,15790080400.0
2018/10/12,4281.6,4303.8,4135.0,4267.2,18588.0,15744947280.0
2018/10/15,4273.0,4324.8,4171.0,4178.4,16255.0,13823223120.0
2018/10/16,4185.2,4219.8,4067.2,4100.4,16173.0,13410109280.0
2018/10/17,4150.8,4165.2,4026.8,4120.6,17563.0,14429984080.0
2018/10/18,4109.0,4111.4,4018.4,4033.2,11869.0,9638134800.0
2018/10/19,3949.0,4118.2,3937.8,4080.4,17297.0,13921626960.0
2018/10/22,4150.0,4373.2,4140.0,4317.6,19186.0,16415841240.0
2018/10/23,4298.0,4327.4,4156.8,4191.0,3874.0,3284399840.0
2018/10/24,4191.0,4262.6,4155.0,4184.0,3874.0,3255646720.0
2018/10/25,4053.0,4205.4,4050.4,4204.4,4278.0,3515476320.0
2018/10/26,4225.0,4259.0,4150.0,4170.0,3422.0,2872246560.0
2018/10/29,4178.0,4194.4,4081.2,4124.0,3223.0,2673129880.0
2018/10/30,4110.0,4210.0,4038.6,4170.8,3807.0,3143114040.0
2018/10/31,4186.0,4286.2,4167.0,4233.0,4104.0,3473972960.0
2018/11/01,4275.2,4355.0,4257.2,4260.4,4228.0,3641038360.0
2018/11/02,4370.0,4432.8,4329.0,4417.8,5637.0,4945145240.0
2018/11/05,4408.0,4445.6,4332.8,4414.4,4445.0,3902263800.0
2018/11/06,4410.0,4427.8,4349.0,4420.0,3845.0,3372029080.0
2018/11/07,4420.2,4468.0,4366.6,4371.8,4722.0,4176105720.0
2018/11/08,4420.0,4428.8,4346.4,4350.0,4239.0,3716822840.0
2018/11/09,4329.0,4380.0,4315.0,4346.4,3842.0,3343689760.0
2018/11/12,4346.6,4475.0,4335.0,4468.0,5839.0,5152866840.0
2018/11/13,4430.0,4590.0,4418.6,4558.6,11184.0,10090458720.0
2018/11/14,4558.8,4599.8,4518.6,4535.6,10924.0,9942644320.0
2018/11/15,4549.2,4628.0,4532.0,4619.0,15452.0,14153275200.0
2018/11/16,4625.0,4710.6,4602.8,4647.8,19604.0,18238894840.0
2018/11/19,4657.0,4683.6,4594.6,4659.4,17760.0,16452722600.0
2018/11/20,4627.6,4635.0,4512.4,4520.0,21435.0,19610916640.0
2018/11/21,4480.0,4557.0,4449.2,4536.2,19133.0,17226532400.0
2018/11/22,4550.0,4574.8,4484.4,4523.0,17226.0,15608683600.0
2018/11/23,4514.0,4521.0,4327.6,4328.2,19515.0,17192813000.0
2018/11/26,4338.0,4371.6,4283.6,4315.8,17973.0,15575464400.0
2018/11/27,4347.6,4378.6,4307.0,4344.2,16618.0,14432462720.0
2018/11/28,4342.4,4419.0,4272.4,4398.0,20530.0,17896776600.0
2018/11/29,4447.0,4447.0,4296.6,4312.2,18424.0,16133050520.0
2018/11/30,4303.6,4360.0,4238.0,4328.2,19625.0,16894512840.0
2018/12/03,4488.6,4524.0,4419.0,4472.0,23921.0,21448577520.0
2018/12/04,4458.8,4528.0,4452.2,4514.6,24564.0,22056444000.0
2018/12/05,4429.8,4526.0,4429.0,4470.0,30742.0,27510678040.0
2018/12/06,4429.0,4460.0,4372.0,4388.2,30017.0,26478022720.0
2018/12/07,4408.6,4419.8,4381.8,4386.0,21037.0,18501172240.0
2018/12/10,4362.2,4384.6,4325.0,4336.6,22266.0,19367563000.0
2018/12/11,4356.4,4389.0,4338.0,4387.2,23570.0,20566017680.0
2018/12/12,4401.0,4407.6,4359.8,4371.8,24639.0,21593044160.0
2018/12/13,4384.8,4472.8,4354.4,4430.2,30522.0,27005180240.0
2018/12/14,4420.2,4431.0,4315.6,4329.6,26842.0,23501554880.0
2018/12/17,4320.0,4342.6,4273.0,4321.2,27345.0,23589595800.0
2018/12/18,4305.0,4344.4,4241.6,4295.2,32004.0,27476819720.0
2018/12/19,4301.0,4305.0,4233.6,4236.2,25171.0,21486837120.0
2018/12/20,4231.0,4276.8,4217.8,4264.0,20814.0,17694246680.0
2018/12/21,4222.4,4236.0,4157.6,4206.0,30552.0,25635671640.0
2018/12/24,4193.4,4266.4,4183.2,4255.0,28278.0,23951967800.0
2018/12/25,4209.8,4234.4,4085.0,4195.2,37636.0,31292883360.0
2018/12/26,4198.8,4229.0,4158.0,4189.0,26253.0,22005992320.0
2018/12/27,4258.2,4258.2,4125.8,4131.0,28285.0,23724366080.0
2018/12/28,4143.0,4181.4,4119.2,4120.4,28777.0,23841416840.0
2019/01/02,4135.0,4147.0,4086.0,4096.8,24735.0,20354995120.0
2019/01/03,4100.0,4169.0,4077.6,4086.6,28810.0,23679788520.0
2019/01/04,4062.0,4208.8,4058.0,4207.8,33671.0,27867078280.0
2019/01/07,4210.0,4293.8,4196.6,4268.6,30648.0,26048744640.0
2019/01/08,4260.0,4286.0,4248.8,4270.8,23085.0,19708438440.0
2019/01/09,4288.6,4363.6,4265.0,4273.8,33159.0,28616226560.0
2019/01/10,4271.4,4327.0,4262.6,4277.4,27192.0,23346955480.0
2019/01/11,4292.4,4320.0,4252.8,4312.0,29081.0,24966370840.0
2019/01/14,4312.0,4332.0,4274.6,4290.2,23373.0,20080745080.0
2019/01/15,4291.4,4363.6,4266.4,4351.4,31618.0,27269586520.0
2019/01/16,4346.8,4373.0,4328.0,4341.0,23920.0,20797820920.0
2019/01/17,4338.2,4356.0,4297.6,4307.4,21840.0,18882008800.0
2019/01/18,4303.6,4352.0,4279.8,4341.0,28956.0,25009413200.0
2019/01/21,4349.6,4404.4,4340.0,4360.0,25465.0,22246482400.0
2019/01/22,4349.0,4349.0,4252.0,4278.2,7610.0,6549284600.0
2019/01/23,4265.0,4303.8,4260.0,4285.0,5972.0,5115276120.0
2019/01/24,4285.4,4357.6,4258.0,4321.0,9334.0,8061432160.0
2019/01/25,4330.0,4352.6,4296.0,4297.4,8627.0,7464497400.0
2019/01/28,4322.0,4368.4,4272.8,4278.6,8599.0,7435862160.0
2019/01/29,4269.6,4278.6,4162.8,4227.4,10878.0,9182815760.0
2019/01/30,4217.8,4255.0,4185.0,4185.0,7892.0,6663866960.0
2019/01/31,4190.2,4231.0,4120.0,4168.0,11687.0,9776339160.0
2019/02/01,4183.0,4307.0,4183.0,4305.0,13900.0,11807969520.0
2019/02/11,4308.8,4404.4,4308.2,4400.0,11800.0,10274163400.0
2019/02/12,4410.0,4458.6,4394.6,4428.8,14434.0,12783215840.0
2019/02/13,4438.8,4534.8,4423.6,4509.8,19584.0,17543082800.0
2019/02/14,4505.8,4562.8,4495.0,4537.0,22383.0,20247856520.0
2019/02/15,4526.8,4556.0,4491.4,4502.6,30372.0,27498744880.0
2019/02/18,4540.2,4687.4,4539.6,4677.0,34027.0,31405412200.0
2019/02/19,4692.8,4718.4,4614.4,4659.0,42944.0,40112151240.0
2019/02/20,4679.0,4682.8,4618.0,4652.0,35271.0,32838504840.0
2019/02/21,4650.0,4762.4,4636.2,4662.0,45667.0,42832660160.0
2019/02/22,4651.0,4807.0,4650.2,4804.8,43822.0,41286151800.0
2019/02/25,4872.4,5140.0,4840.0,5123.0,57459.0,56975727720.0
2019/02/26,5100.0,5174.8,5027.8,5063.2,56554.0,57590205440.0
2019/02/27,5084.2,5107.2,4970.0,5017.4,49763.0,50374260080.0
2019/02/28,5022.0,5085.0,5002.2,5034.6,43118.0,43483693800.0
2019/03/01,5070.6,5086.8,4980.0,5081.2,50122.0,50423020880.0
2019/03/04,5123.0,5259.8,5098.2,5144.4,56909.0,58936868240.0
2019/03/05,5146.4,5314.0,5141.2,5298.8,52240.0,54507513320.0
2019/03/06,5317.0,5414.0,5241.2,5400.0,61347.0,65313393760.0
2019/03/07,5387.8,5533.4,5353.0,5442.4,63021.0,68329360640.0
2019/03/08,5318.0,5471.6,5258.0,5296.4,76037.0,81627993840.0
2019/03/11,5331.4,5463.6,5291.4,5448.8,59247.0,63734238480.0
2019/03/12,5491.2,5598.6,5461.2,5546.2,61910.0,68470018640.0
2019/03/13,5544.0,5546.0,5362.0,5403.6,62861.0,68815763920.0
2019/03/14,5392.4,5416.0,5250.6,5289.6,40109.0,42713918160.0
2019/03/15,5315.2,5425.6,5273.0,5330.6,64106.0,68462637400.0
2019/03/18,5361.6,5515.2,5303.8,5513.8,59618.0,64395633480.0
2019/03/19,5498.2,5537.0,5455.0,5487.4,52490.0,57679718960.0
2019/03/20,5482.0,5503.4,5352.2,5470.0,60872.0,66217588360.0
2019/03/21,5485.0,5628.0,5485.0,5541.4,68987.0,76795278120.0
2019/03/22,5560.4,5614.0,5470.0,5611.2,61671.0,68462692120.0
2019/03/25,5523.0,5597.0,5506.6,5518.6,60231.0,66910809480.0
2019/03/26,5555.0,5559.4,5345.0,5358.0,61628.0,67045405680.0
2019/03/27,5389.0,5415.0,5313.2,5391.6,57409.0,61671072240.0
2019/03/28,5372.6,5447.6,5311.2,5318.6,59915.0,64486699320.0
2019/03/29,5333.2,5555.2,5322.4,5534.4,65790.0,71589417960.0
2019/04/01,5574.8,5767.4,5574.8,5766.0,61104.0,69788782520.0
2019/04/02,5795.2,5825.6,5722.6,5746.6,52935.0,61244329880.0
2019/04/03,5716.0,5852.2,5712.6,5828.6,52822.0,61071988000.0
2019/04/04,5858.0,5898.0,5792.4,5882.6,55547.0,64991342000.0
2019/04/08,5929.0,5935.0,5737.4,5800.8,59401.0,69308822120.0
2019/04/09,5795.0,5863.0,5774.2,5836.8,52852.0,61525059840.0
2019/04/10,5806.0,5901.0,5747.0,5818.8,60633.0,70475017200.0
2019/04/11,5824.8,5837.0,5702.0,5721.2,54574.0,62950700240.0
2019/04/12,5720.8,5740.0,5656.6,5701.2,47813.0,54517465000.0
2019/04/15,5788.8,5806.2,5589.0,5609.0,58113.0,66469730040.0
2019/04/16,5596.6,5765.2,5555.8,5759.2,54778.0,61958944280.0
2019/04/17,5761.0,5831.8,5733.4,5772.4,46711.0,53968981920.0
2019/04/18,5777.6,5802.0,5736.4,5765.2,29376.0,33929459120.0
2019/04/19,5720.8,5779.0,5618.0,5775.8,50284.0,57339334800.0
2019/04/22,5782.8,5785.8,5628.6,5677.0,58295.0,66346200760.0
2019/04/23,5667.0,5671.8,5544.4,5552.8,64899.0,72744140000.0
2019/04/24,5575.0,5660.6,5511.8,5627.0,70935.0,79318870160.0
2019/04/25,5617.6,5624.0,5397.4,5411.2,71753.0,79314421280.0
2019/04/26,5398.6,5476.0,5371.8,5375.2,76777.0,83216105800.0
2019/04/29,5390.0,5395.0,5226.2,5258.8,86229.0,91534783320.0
2019/04/30,5254.0,5342.2,5222.6,5267.2,80212.0,84798574120.0
2019/05/06,5120.0,5120.0,4749.2,4810.0,93045.0,91819349080.0
2019/05/07,4887.6,4964.4,4839.2,4906.0,93047.0,91112439240.0
2019/05/08,4827.0,5007.8,4815.0,4873.2,85185.0,83796252400.0
2019/05/09,4829.0,4927.2,4810.6,4842.8,83219.0,81129880600.0
2019/05/10,4919.8,5051.0,4775.4,5018.0,107096.0,106079879120.0
2019/05/13,4964.4,5008.8,4914.0,4938.4,61212.0,60685857080.0
2019/05/14,4930.2,4992.0,4896.0,4938.8,77496.0,76719529280.0
2019/05/15,4978.6,5076.6,4962.0,5046.2,61283.0,61431292200.0
2019/05/16,4950.0,5003.6,4941.4,4993.0,48770.0,48508125320.0
2019/05/17,5003.2,5020.0,4793.6,4824.8,85721.0,83945560680.0
2019/05/20,4845.0,4855.6,4730.0,4825.0,85614.0,82085024280.0
2019/05/21,4849.4,4966.6,4826.0,4903.6,88042.0,86329677800.0
2019/05/22,4902.0,4924.8,4828.0,4889.8,77555.0,75701706280.0
2019/05/23,4872.2,4878.2,4765.0,4788.2,79269.0,76312741280.0
2019/05/24,4796.6,4819.2,4753.0,4772.6,77105.0,73754759600.0
2019/05/27,4776.4,4935.0,4749.6,4903.0,86404.0,83769785560.0
2019/05/28,4908.0,4944.0,4871.0,4888.8,70165.0,68897995400.0
2019/05/29,4874.4,4929.6,4855.0,4866.0,72066.0,70485936320.0
2019/05/30,4866.0,4868.8,4763.0,4868.6,84965.0,81783963560.0
2019/05/31,4856.2,4921.0,4792.6,4808.8,83216.0,80813186800.0
2019/06/03,4864.0,4886.8,4739.0,4788.0,87354.0,83897726520.0
2019/06/04,4776.4,4795.6,4713.2,4746.8,71056.0,67569985440.0
2019/06/05,4788.2,4796.0,4720.2,4721.8,73115.0,69584516920.0
2019/06/06,4715.0,4726.8,4608.8,4611.8,83465.0,77770536280.0
2019/06/10,4645.8,4717.2,4601.2,4658.0,84469.0,78796954800.0
2019/06/11,4671.0,4886.4,4670.6,4876.6,97428.0,93463502080.0
2019/06/12,4864.4,4879.8,4801.2,4816.4,74938.0,72478326440.0
2019/06/13,4814.4,4862.6,4781.0,4838.6,78663.0,75895095040.0
2019/06/14,4846.0,4860.8,4741.0,4769.2,70177.0,67353099480.0
2019/06/17,4766.4,4816.4,4752.2,4792.8,66740.0,63876588840.0
2019/06/18,4794.0,4822.0,4751.2,4790.8,67986.0,65048296480.0
2019/06/19,4910.0,4967.0,4850.2,4855.0,68263.0,66874820240.0
2019/06/20,4854.8,5008.0,4840.0,4954.2,51325.0,50484460960.0
2019/06/21,4998.2,5034.4,4953.6,4975.0,83949.0,83856900000.0
2019/06/24,4986.0,4994.0,4939.6,4974.6,56601.0,56251001800.0
2019/06/25,4961.0,4968.0,4841.6,4920.8,78196.0,76630026160.0
2019/06/26,4890.0,4953.2,4887.0,4916.2,58065.0,57126138200.0
2019/06/27,4940.2,5004.0,4923.0,4957.2,77888.0,77316108360.0
2019/06/28,4949.2,4954.4,4865.2,4920.0,70531.0,69143266880.0
2019/07/01,5039.2,5081.6,4971.2,5050.0,79679.0,80245258040.0
2019/07/02,5038.2,5056.0,5012.4,5033.4,54108.0,54499200520.0
2019/07/03,5006.2,5017.0,4980.0,5004.6,55798.0,55724113720.0
2019/07/04,5006.0,5038.8,4950.0,4984.0,61859.0,61825917560.0
2019/07/05,4983.2,5029.8,4964.4,5017.0,55873.0,55829445840.0
2019/07/08,4995.4,4996.0,4806.0,4821.6,75411.0,73421876120.0
2019/07/09,4834.4,4853.6,4803.8,4829.4,52896.0,51095615040.0
2019/07/10,4850.0,4864.4,4793.4,4809.8,49192.0,47408963640.0
2019/07/11,4825.2,4880.0,4771.2,4800.6,69402.0,67028805160.0
2019/07/12,4801.0,4855.4,4788.0,4843.0,64621.0,62425319800.0
2019/07/15,4812.4,4949.2,4745.2,4906.0,86145.0,83767707400.0
2019/07/16,4898.2,4933.0,4894.2,4921.2,52679.0,51815294080.0
2019/07/17,4922.0,4949.4,4903.8,4911.4,54806.0,54005122600.0
2019/07/18,4890.6,4895.0,4844.4,4848.2,41908.0,40790788680.0
2019/07/19,4805.0,4885.6,4802.2,4823.4,61589.0,59581113640.0
2019/07/22,4833.4,4853.4,4704.2,4733.2,69023.0,65657181400.0
2019/07/23,4741.0,4789.4,4732.0,4776.4,51423.0,48994364440.0
2019/07/24,4801.4,4872.6,4800.0,4820.4,62766.0,60753136920.0
2019/07/25,4827.0,4864.0,4813.6,4846.4,53484.0,51728786840.0
2019/07/26,4835.4,4867.4,4812.0,4859.2,53533.0,51784916960.0
2019/07/29,4854.4,4878.8,4813.0,4844.0,48147.0,46604760720.0
2019/07/30,4857.4,4933.0,4846.2,4877.6,62879.0,61550874120.0
2019/07/31,4870.0,4891.6,4853.0,4874.0,49306.0,48050195160.0
2019/08/01,4850.0,4872.8,4814.8,4841.0,50967.0,49337003440.0
2019/08/02,4730.2,4784.4,4721.0,4779.2,56553.0,53811979760.0
2019/08/05,4754.8,4804.4,4717.6,4725.0,58108.0,55317721600.0
2019/08/06,4648.0,4673.0,4536.2,4626.8,80351.0,74110053920.0
2019/08/07,4650.0,4655.0,4591.0,4591.6,51895.0,47936785560.0
2019/08/08,4625.0,4638.0,4604.0,4616.6,49123.0,45377389800.0
2019/08/09,4641.0,4658.6,4557.2,4570.6,58172.0,53561177320.0
2019/08/12,4583.0,4672.6,4568.6,4665.8,60225.0,55508968400.0
2019/08/13,4651.0,4652.0,4612.2,4646.8,46131.0,42746543240.0
2019/08/14,4641.0,4677.4,4613.2,4617.2,32372.0,30056506720.0
2019/08/15,4540.0,4667.4,4532.6,4652.6,57978.0,53328378160.0
2019/08/16,4655.0,4708.8,4649.0,4664.8,66005.0,61782556720.0
2019/08/19,4725.0,4856.6,4717.2,4853.8,83306.0,79810899320.0
2019/08/20,4846.6,4891.0,4826.6,4831.8,64058.0,62210041480.0
2019/08/21,4830.0,4861.0,4818.8,4842.8,50454.0,48823930000.0
2019/08/22,4853.6,4856.8,4803.0,4837.2,59246.0,57198811160.0
2019/08/23,4843.0,4869.6,4812.2,4841.8,66503.0,64400991400.0
2019/08/26,4762.8,4828.8,4760.0,4815.0,69646.0,66867015520.0
2019/08/27,4842.0,4965.0,4835.0,4874.4,86348.0,84705616920.0
2019/08/28,4885.0,4911.4,4871.0,4885.8,51616.0,50485543160.0
2019/08/29,4898.6,4919.4,4866.2,4891.2,60207.0,58897217720.0
2019/08/30,4920.6,4947.0,4814.0,4859.0,75293.0,73540211400.0
2019/09/02,4864.8,5006.8,4851.0,4977.4,82519.0,81595083680.0
2019/09/03,4993.8,5008.4,4965.4,5004.0,57834.0,57712934240.0
2019/09/04,5000.2,5098.0,4991.2,5098.0,80398.0,80929602080.0
2019/09/05,5130.0,5213.0,5113.0,5125.8,96635.0,99727705760.0
2019/09/06,5155.8,5168.8,5107.8,5151.4,65819.0,67661829520.0
2019/09/09,5181.0,5249.8,5151.0,5248.6,73792.0,76713287840.0
2019/09/10,5243.4,5255.8,5192.8,5236.4,67014.0,70026347240.0
2019/09/11,5250.0,5275.8,5191.6,5218.0,77217.0,80741370400.0
2019/09/12,5238.0,5269.6,5189.4,5240.2,65354.0,68299460040.0
2019/09/16,5253.8,5279.4,5214.0,5237.4,68394.0,71770832520.0
2019/09/17,5224.0,5227.0,5117.0,5130.0,67842.0,70069887520.0
2019/09/18,5142.8,5161.8,5124.4,5130.8,49748.0,51154650960.0
2019/09/19,5140.6,5187.8,5120.2,5185.6,41918.0,43176947000.0
2019/09/20,5165.0,5186.6,5135.2,5147.4,62810.0,64792345120.0
2019/09/23,5140.0,5148.0,5073.6,5139.4,68644.0,70007885680.0
2019/09/24,5141.8,5224.4,5120.4,5127.2,79129.0,81761750320.0
2019/09/25,5112.0,5117.0,5044.6,5047.6,71744.0,72857945600.0
2019/09/26,5067.6,5073.4,4949.2,4953.2,74898.0,75008618400.0
2019/09/27,4966.0,5014.4,4960.0,4978.6,59774.0,59639138600.0
2019/09/30,4976.4,5003.6,4890.0,4894.0,63138.0,62602787720.0
2019/10/08,4931.2,4979.0,4912.6,4916.6,58764.0,58131363680.0
2019/10/09,4906.0,4974.6,4883.6,4959.8,64668.0,63776512520.0
2019/10/10,4964.4,5032.0,4951.0,5023.2,65907.0,65778633400.0
2019/10/11,5035.0,5065.0,4988.0,5055.6,68703.0,69033823600.0
2019/10/14,5087.4,5150.0,5075.0,5103.0,73688.0,75374302560.0
2019/10/15,5093.6,5096.6,5043.0,5051.8,55043.0,55723475080.0
2019/10/16,5061.8,5090.2,5020.2,5021.0,56840.0,57510930880.0
2019/10/17,5031.0,5052.6,5008.8,5028.2,40079.0,40359042760.0
2019/10/18,4982.2,5014.0,4864.0,4893.2,63313.0,62669399120.0
2019/10/21,4890.0,4909.8,4842.8,4902.6,53773.0,52467833360.0
2019/10/22,4920.0,4976.2,4901.2,4954.8,68213.0,67284056720.0
2019/10/23,4950.0,4966.6,4892.2,4923.0,56421.0,55635027560.0
2019/10/24,4920.8,4934.0,4850.0,4924.0,62914.0,61716270960.0
2019/10/25,4915.0,4979.0,4871.4,4974.2,69292.0,68254146520.0
2019/10/28,5031.0,5051.2,5000.0,5046.4,66222.0,66630990880.0
2019/10/29,5044.0,5044.0,4979.0,4979.6,52337.0,52400856360.0
2019/10/30,4963.4,4964.8,4908.0,4916.0,58550.0,57719538040.0
2019/10/31,4928.6,4942.8,4880.2,4892.8,55112.0,54198062720.0
2019/11/01,4883.6,4954.0,4867.2,4948.2,62471.0,61492760400.0
2019/11/04,4966.0,4998.0,4949.2,4957.8,55524.0,55232760400.0
2019/11/05,4970.4,5033.6,4944.4,4998.2,65170.0,65070848800.0
2019/11/06,4995.0,5009.4,4922.0,4955.4,58265.0,57897778720.0
2019/11/07,4946.2,5014.0,4943.2,4990.4,70374.0,70125805040.0
2019/11/08,5030.0,5048.6,4966.6,4970.8,68193.0,68332927080.0
2019/11/11,4940.0,4941.4,4855.0,4862.0,56246.0,55163483200.0
2019/11/12,4811.2,4831.8,4761.0,4812.0,27845.0,26720129360.0
2019/11/13,4816.0,4818.0,4783.0,4817.4,28437.0,27305908520.0
2019/11/14,4815.4,4860.6,4805.2,4839.2,49849.0,48187130600.0
2019/11/15,4841.2,4885.0,4800.8,4820.4,73086.0,70692614920.0
2019/11/18,4818.0,4868.0,4805.0,4855.0,67501.0,65365033800.0
2019/11/19,4850.0,4948.4,4849.0,4943.6,69117.0,67864966320.0
2019/11/20,4939.8,4954.6,4897.8,4900.4,59080.0,58226261000.0
2019/11/21,4882.2,4933.2,4874.0,4917.0,63783.0,62537446840.0
2019/11/22,4926.4,5002.6,4832.8,4853.0,99645.0,97920567960.0
2019/11/25,4862.0,4885.8,4820.0,4874.4,67951.0,65992283200.0
2019/11/26,4892.4,4899.6,4843.6,4853.2,67573.0,65758809440.0
2019/11/27,4850.2,4919.6,4837.8,4880.2,78409.0,76543228080.0
2019/11/28,4874.8,4899.0,4857.6,4875.8,62153.0,60633804760.0
2019/11/29,4868.0,4896.8,4824.0,4881.0,74132.0,72163054080.0
2019/12/02,4894.0,4925.0,4870.8,4896.0,62113.0,60828607240.0
2019/12/03,4885.0,4925.8,4851.6,4924.8,68556.0,66948978840.0
2019/12/04,4906.0,4932.6,4887.6,4911.8,64089.0,62909977640.0
2019/12/05,4926.4,4980.0,4914.4,4960.2,69665.0,68959495600.0
2019/12/06,4966.0,5018.8,4951.0,5015.6,64135.0,63830444520.0
2019/12/09,5025.2,5046.2,5003.6,5025.6,61202.0,61481485960.0
2019/12/10,5006.6,5066.0,4998.2,5050.2,61798.0,62152459600.0
2019/12/11,5041.0,5053.0,5006.0,5031.6,59973.0,60319263840.0
2019/12/12,5031.6,5055.0,5014.6,5017.8,55644.0,56011679400.0
2019/12/13,5068.0,5107.2,5040.2,5093.0,68463.0,69365495640.0
2019/12/16,5086.0,5175.8,5081.0,5164.4,64011.0,65619498040.0
2019/12/17,5169.0,5279.8,5160.0,5245.0,67609.0,70584350600.0
2019/12/18,5240.2,5282.0,5230.4,5244.4,54655.0,57462828560.0
2019/12/19,5246.0,5265.0,5224.8,5250.6,36409.0,38158999200.0
2019/12/20,5256.6,5272.0,5193.8,5204.6,63298.0,66207740120.0
2019/12/23,5178.0,5203.0,5068.8,5074.2,72603.0,74697003400.0
2019/12/24,5095.6,5161.6,5084.4,5143.2,56636.0,58018376200.0
2019/12/25,5142.0,5186.8,5128.4,5167.8,65731.0,67837595680.0
2019/12/26,5162.2,5204.0,5144.0,5202.8,64679.0,66974025160.0
2019/12/27,5207.6,5247.6,5162.8,5163.6,73748.0,76841958160.0
2019/12/30,5145.8,5258.0,5113.8,5245.0,76383.0,79427781800.0
2019/12/31,5250.0,5279.0,5221.2,5269.8,58295.0,61222304720.0
2020/01/02,5300.0,5392.4,5281.0,5361.8,68331.0,73124023800.0
2020/01/03,5375.4,5402.0,5358.0,5378.0,56333.0,60581875280.0
2020/01/06,5360.2,5497.8,5357.6,5433.0,78955.0,85824880080.0
2020/01/07,5443.0,5506.8,5438.6,5501.0,68365.0,74809205280.0
2020/01/08,5480.4,5507.8,5405.2,5433.6,79715.0,87041071840.0
2020/01/09,5477.6,5501.0,5449.2,5498.0,68051.0,74566518880.0
2020/01/10,5514.8,5526.0,5446.0,5468.0,65874.0,72168246800.0
2020/01/13,5471.8,5573.6,5436.0,5571.2,73020.0,80416645520.0
2020/01/14,5589.8,5594.6,5537.0,5543.6,55225.0,61487866760.0
2020/01/15,5533.0,5548.8,5489.4,5523.6,54143.0,59794357160.0
2020/01/16,5531.8,5558.0,5514.8,5538.4,39505.0,43752342960.0
2020/01/17,5547.0,5561.0,5486.4,5501.2,63767.0,70448040600.0
2020/01/20,5517.0,5600.0,5493.0,5598.8,60036.0,66678908200.0
2020/01/21,5572.2,5582.4,5495.4,5516.6,68137.0,75411275520.0
2020/01/22,5495.0,5608.0,5421.0,5580.8,77377.0,85250933920.0
2020/01/23,5510.0,5546.4,5299.8,5346.4,91119.0,98946776680.0
2020/02/03,4805.4,4922.0,4805.4,4805.4,49162.0,47690855840.0
2020/02/04,4900.0,4999.0,4820.0,4953.0,79308.0,78226425120.0
2020/02/05,4988.8,5139.0,4986.0,5064.4,83573.0,84758551680.0
2020/02/06,5075.0,5279.2,5048.6,5250.4,89274.0,92466047600.0
2020/02/07,5228.4,5303.6,5200.0,5300.4,83767.0,87868317280.0
2020/02/10,5271.0,5337.8,5256.0,5326.4,74190.0,78667064480.0
2020/02/11,5341.0,5359.8,5282.0,5316.4,71249.0,75821001280.0
2020/02/12,5303.0,5437.0,5300.6,5437.0,72807.0,78268616600.0
2020/02/13,5431.4,5451.8,5371.4,5392.0,75407.0,81535494040.0
2020/02/14,5388.8,5462.6,5363.0,5405.6,73256.0,79319565480.0
2020/02/17,5440.0,5603.2,5435.0,5595.6,70390.0,77888194880.0
2020/02/18,5580.0,5618.0,5532.0,5591.4,50313.0,56141368360.0
2020/02/19,5586.2,5626.0,5558.2,5570.2,53206.0,59491328200.0
2020/02/20,5590.0,5698.8,5545.0,5667.8,90551.0,101689434880.0
2020/02/21,5667.0,5796.8,5664.0,5775.0,113592.0,130182871880.0
2020/02/24,5759.0,5849.6,5705.6,5806.0,114820.0,132784394600.0
2020/02/25,5766.0,5868.0,5618.0,5852.6,159033.0,183410978600.0
2020/02/26,5801.2,5818.4,5684.8,5715.4,157332.0,181287659560.0
2020/02/27,5736.0,5769.8,5670.0,5710.0,130695.0,149604242280.0
2020/02/28,5540.0,5606.2,5368.0,5383.0,168648.0,184751063680.0
2020/03/02,5463.0,5658.8,5463.0,5598.6,138443.0,154107197960.0
2020/03/03,5710.0,5788.0,5599.4,5620.4,137258.0,156634477920.0
2020/03/04,5625.2,5677.0,5542.0,5658.4,120774.0,135670365400.0
2020/03/05,5739.0,5765.8,5654.8,5728.6,127585.0,145724433080.0
2020/03/06,5690.6,5728.8,5660.4,5681.0,109111.0,124350968680.0
2020/03/09,5582.0,5605.0,5438.6,5468.4,130204.0,143520732440.0
2020/03/10,5508.6,5645.0,5400.0,5635.2,152951.0,169491559160.0
2020/03/11,5645.0,5662.0,5525.0,5525.0,116536.0,130516721040.0
2020/03/12,5469.0,5508.0,5385.2,5477.0,119474.0,130148693960.0
2020/03/13,5200.0,5494.4,5180.0,5447.0,151902.0,162342927680.0
2020/03/16,5419.0,5443.0,5133.4,5148.8,123728.0,131338657920.0
2020/03/17,5296.0,5300.8,5052.0,5165.4,133148.0,137709464320.0
2020/03/18,5200.0,5324.4,5073.2,5087.4,121078.0,126355970800.0
2020/03/19,5119.0,5188.0,5001.0,5147.4,85782.0,87625029080.0
2020/03/20,5168.0,5180.0,5129.8,5141.0,12689.0,13094121480.0
2020/03/23,5007.0,5079.8,4928.8,4964.2,128182.0,128238182640.0
2020/03/24,5060.0,5088.0,4924.6,5030.0,138452.0,139110689800.0
2020/03/25,5125.0,5181.8,5097.0,5141.6,116380.0,119723428960.0
2020/03/26,5111.0,5155.2,5077.4,5089.0,104375.0,106794138080.0
2020/03/27,5149.0,5178.8,5053.6,5053.6,121557.0,124376084960.0
2020/03/30,5001.2,5032.8,4909.0,4975.2,116131.0,115354533640.0
2020/03/31,5020.0,5044.0,4950.0,4958.8,103206.0,103218474280.0
2020/04/01,4963.2,5067.0,4937.4,4950.4,117080.0,117075745960.0
2020/04/02,4956.0,5133.6,4953.0,5130.4,123118.0,123825017560.0
2020/04/03,5103.6,5113.0,5029.4,5061.6,100375.0,101796078440.0
2020/04/07,5160.0,5241.6,5156.2,5213.0,96575.0,100538257240.0
2020/04/08,5195.4,5252.0,5189.0,5229.2,84867.0,88532913640.0
2020/04/09,5260.0,5299.0,5250.4,5273.2,85891.0,90575971640.0
2020/04/10,5269.2,5274.6,5164.4,5195.8,97767.0,102045312520.0
2020/04/13,5160.0,5178.4,5117.8,5139.8,79025.0,81361091160.0
2020/04/14,5180.0,5271.0,5175.2,5262.0,87282.0,91135145680.0
2020/04/15,5266.0,5303.0,5250.0,5251.4,71159.0,75076363160.0
2020/04/16,5235.4,5332.0,5231.4,5308.4,61961.0,65471090040.0
2020/04/17,5308.8,5335.0,5228.4,5251.8,94599.0,100086632640.0
2020/04/20,5280.0,5307.0,5250.8,5295.2,70358.0,74400300160.0
2020/04/21,5276.4,5282.8,5176.4,5255.8,90792.0,95001324200.0
2020/04/22,5215.0,5322.0,5212.8,5319.0,89027.0,93724913240.0
2020/04/23,5310.4,5332.8,5263.2,5282.6,83304.0,88161917720.0
2020/04/24,5267.0,5279.8,5188.2,5216.2,83713.0,87571331240.0
2020/04/27,5230.0,5265.0,5189.6,5202.8,77761.0,81318696760.0
2020/04/28,5202.8,5213.0,5055.0,5162.2,104737.0,107982063760.0
2020/04/29,5157.6,5217.6,5154.0,5188.2,77729.0,80652711640.0
2020/04/30,5232.0,5349.2,5227.0,5332.0,89562.0,95010685040.0
2020/05/06,5305.0,5432.6,5303.8,5413.6,80459.0,86359959720.0
2020/05/07,5420.0,5433.0,5377.0,5402.6,74941.0,81075699440.0
2020/05/08,5444.0,5510.0,5428.0,5479.8,84093.0,92017251080.0
2020/05/11,5506.8,5538.0,5448.4,5468.2,76023.0,83413182320.0
2020/05/12,5465.0,5502.8,5430.2,5486.0,78694.0,86098010280.0
2020/05/13,5470.0,5531.4,5461.6,5519.0,62443.0,68615373920.0
2020/05/14,5413.2,5427.0,5383.4,5408.6,68948.0,74464314600.0
2020/05/15,5437.0,5470.0,5403.8,5404.6,98181.0,106694684120.0
2020/05/18,5434.6,5450.0,5372.0,5389.4,101629.0,110023973200.0
2020/05/19,5431.2,5466.8,5418.4,5454.2,87615.0,95418381520.0
2020/05/20,5450.2,5455.8,5393.0,5410.2,77241.0,83818295400.0
2020/05/21,5430.4,5431.0,5338.0,5343.2,86042.0,92718352640.0
2020/05/22,5337.0,5354.0,5251.8,5267.8,102163.0,108249465200.0
2020/05/25,5266.0,5296.0,5235.2,5254.6,80064.0,84274480760.0
2020/05/26,5283.4,5355.0,5275.2,5343.6,81740.0,87040217920.0
2020/05/27,5344.6,5346.8,5279.2,5301.4,81867.0,86820783680.0
2020/05/28,5293.4,5329.8,5223.6,5282.6,99998.0,105498571160.0
2020/05/29,5271.8,5345.6,5257.0,5318.8,86695.0,92185773800.0
2020/06/01,5386.0,5532.0,5382.0,5524.2,99266.0,108777914400.0
2020/06/02,5555.0,5558.8,5495.0,5523.0,75368.0,83169708280.0
2020/06/03,5535.0,5569.6,5510.2,5512.0,79802.0,88371683400.0
2020/06/04,5534.4,5541.0,5487.8,5517.4,71088.0,78481348560.0
2020/06/05,5530.4,5543.6,5490.6,5541.0,77173.0,85180255040.0
2020/06/08,5572.0,5589.0,5509.0,5522.2,74515.0,82592099680.0
2020/06/09,5531.0,5577.0,5511.0,5559.2,83648.0,92828190760.0
2020/06/10,5563.0,5571.4,5525.2,5563.4,72094.0,80044332200.0
2020/06/11,5561.4,5646.6,5515.4,5556.6,108083.0,120558984840.0
2020/06/12,5507.2,5614.0,5480.0,5578.2,98637.0,109494072360.0
2020/06/15,5572.2,5635.0,5556.2,5557.0,92420.0,103355615320.0
2020/06/16,5620.0,5679.4,5608.4,5678.8,81444.0,91998935320.0
2020/06/17,5681.0,5713.2,5656.0,5706.0,65172.0,74086595320.0
2020/06/18,5709.0,5743.8,5691.0,5743.2,50659.0,57907850080.0
2020/06/19,5653.8,5741.2,5652.0,5713.8,87696.0,99917397520.0
2020/06/22,5729.2,5764.0,5706.6,5711.4,75312.0,86381064840.0
2020/06/23,5700.0,5748.8,5677.6,5737.2,75801.0,86691557400.0
2020/06/24,5749.8,5764.0,5707.8,5744.2,67046.0,76831886680.0
2020/06/29,5729.4,5738.0,5668.8,5710.6,70963.0,80974487320.0
2020/06/30,5741.4,5842.0,5737.4,5802.4,89079.0,103288487080.0
2020/07/01,5836.6,5838.0,5766.0,5829.4,89179.0,103623019520.0
2020/07/02,5829.6,5975.8,5813.8,5954.2,101213.0,119566979320.0
2020/07/03,5977.0,6042.8,5951.0,6034.8,93810.0,112587700520.0
2020/07/06,6088.0,6386.4,6085.0,6305.2,111689.0,139539266240.0
2020/07/07,6360.0,6513.0,6352.6,6400.4,107994.0,139168163760.0
2020/07/08,6438.6,6549.0,6366.8,6515.8,94394.0,122088811200.0
2020/07/09,6512.6,6716.2,6506.8,6707.6,106689.0,141648281240.0
2020/07/10,6680.0,6765.6,6636.4,6689.2,110294.0,148015312320.0
2020/07/13,6738.8,6909.2,6726.4,6898.6,98939.0,135096204520.0
2020/07/14,6880.4,6887.6,6651.0,6791.0,123279.0,167120787000.0
2020/07/15,6840.0,6850.2,6584.4,6635.0,112925.0,151497197040.0
2020/07/16,6663.8,6732.8,6282.2,6309.2,82208.0,108055877760.0
2020/07/17,6321.0,6410.6,6251.0,6301.0,121837.0,154107637000.0
2020/07/20,6383.2,6459.8,6292.0,6446.0,111419.0,142384222720.0
2020/07/21,6471.8,6540.2,6432.2,6491.4,101569.0,131727806680.0
2020/07/22,6469.0,6678.8,6450.4,6539.0,126055.0,165787986080.0
2020/07/23,6525.0,6590.0,6359.4,6548.0,123952.0,160928656520.0
2020/07/24,6504.4,6528.2,6171.0,6204.0,137979.0,175019530440.0
2020/07/27,6250.0,6290.0,6162.2,6207.6,105762.0,131847355440.0
2020/07/28,6278.8,6328.4,6200.4,6252.0,102098.0,127967197840.0
2020/07/29,6229.8,6507.0,6228.4,6501.4,116111.0,148624962480.0
2020/07/30,6518.0,6535.8,6423.0,6453.0,101048.0,130643010640.0
2020/07/31,6466.0,6606.0,6364.8,6516.0,133992.0,174139745680.0
2020/08/03,6599.0,6683.8,6556.4,6668.4,108629.0,144112571760.0
2020/08/04,6680.0,6693.6,6592.4,6634.4,96962.0,128813488240.0
2020/08/05,6648.0,6728.8,6568.8,6683.0,106194.0,141285055280.0
2020/08/06,6705.2,6736.0,6534.0,6693.8,124413.0,165297003120.0
2020/08/07,6656.0,6665.4,6464.0,6622.2,120598.0,158728388920.0
2020/08/10,6612.0,6716.6,6551.2,6663.4,110266.0,146307149600.0
2020/08/11,6663.8,6708.8,6492.0,6521.0,103406.0,137121205240.0
2020/08/12,6520.0,6521.4,6317.0,6447.6,114394.0,146711409480.0
2020/08/13,6488.0,6513.6,6431.2,6475.6,95187.0,123397799440.0
2020/08/14,6450.0,6633.6,6445.8,6630.4,106851.0,139661649560.0
2020/08/17,6657.0,6737.0,6582.6,6713.0,91826.0,122619075000.0
2020/08/18,6725.0,6795.0,6717.0,6746.6,74413.0,100545678000.0
2020/08/19,6641.0,6663.4,6520.2,6531.0,63377.0,83605989480.0
2020/08/20,6488.0,6569.6,6460.2,6495.8,94511.0,123032957160.0
2020/08/21,6540.0,6605.8,6468.4,6522.2,123052.0,161140005320.0
2020/08/24,6570.0,6597.4,6471.0,6543.4,113579.0,148787520800.0
2020/08/25,6566.0,6646.6,6497.0,6523.6,109046.0,143189351200.0
2020/08/26,6526.0,6552.0,6392.0,6436.0,107214.0,138907176480.0
2020/08/27,6453.0,6513.4,6413.2,6509.4,102227.0,132286452080.0
2020/08/28,6499.8,6664.8,6456.4,6660.0,126199.0,165460212960.0
2020/08/31,6705.0,6721.4,6590.0,6590.0,104000.0,138666867520.0
2020/09/01,6595.0,6661.4,6583.6,6655.2,89873.0,119014702680.0
2020/09/02,6685.0,6688.0,6555.2,6619.0,112053.0,148499797840.0
2020/09/03,6611.0,6647.6,6550.8,6596.0,108431.0,143176510600.0
2020/09/04,6501.6,6590.6,6486.4,6578.8,106021.0,138430567880.0
2020/09/07,6580.8,6633.2,6403.0,6421.0,113728.0,148357318360.0
2020/09/08,6449.8,6521.0,6402.2,6491.0,108180.0,139734626240.0
2020/09/09,6431.0,6449.6,6271.2,6326.0,125845.0,160209588160.0
2020/09/10,6376.0,6384.8,6193.2,6222.0,121067.0,152648635560.0
2020/09/11,6224.0,6305.0,6206.8,6280.0,110028.0,137677907440.0
2020/09/14,6329.8,6357.0,6262.6,6332.6,101633.0,128357526400.0
2020/09/15,6326.0,6379.8,6302.2,6366.2,90494.0,114659764800.0
2020/09/16,6351.0,6366.8,6311.2,6353.6,72522.0,91965217800.0
2020/09/17,6351.0,6427.4,6288.4,6374.0,66169.0,83945571800.0
2020/09/18,6302.2,6439.6,6280.2,6437.6,104001.0,132237886600.0
2020/09/21,6458.2,6467.0,6352.2,6373.8,87157.0,111552452320.0
2020/09/22,6345.0,6424.6,6260.0,6292.2,98382.0,124888083640.0
2020/09/23,6318.4,6351.8,6285.6,6323.0,78856.0,99666550000.0
2020/09/24,6288.0,6298.8,6140.4,6190.2,105127.0,130442914360.0
2020/09/25,6218.2,6242.0,6160.2,6209.6,87678.0,108709168960.0
2020/09/28,6231.0,6235.2,6133.4,6157.2,84433.0,104303550480.0
2020/09/29,6185.0,6280.0,6165.0,6213.4,99704.0,124220848040.0
2020/09/30,6240.0,6252.0,6103.0,6163.0,92636.0,114597344720.0
2020/10/09,6290.0,6372.6,6276.8,6332.6,78291.0,99272015600.0
2020/10/12,6385.0,6540.0,6383.2,6539.8,81735.0,105963261400.0
2020/10/13,6530.0,6549.0,6465.6,6538.4,74978.0,97562059600.0
2020/10/14,6522.2,6533.6,6490.6,6511.0,55923.0,72803475280.0
2020/10/15,6516.0,6524.0,6455.4,6466.0,48892.0,63389895920.0
2020/10/16,6397.2,6414.8,6304.0,6356.0,75464.0,96040920800.0
2020/10/19,6409.2,6442.0,6235.0,6281.6,96430.0,122141435800.0
2020/10/20,6276.4,6358.6,6253.0,6356.4,65871.0,83019246560.0
2020/10/21,6350.0,6364.8,6231.2,6289.6,82197.0,103221658800.0
2020/10/22,6258.0,6282.0,6192.2,6261.2,77443.0,96620280200.0
2020/10/23,6260.0,6319.8,6150.2,6168.8,82577.0,102920332200.0
2020/10/26,6132.2,6203.4,6066.0,6180.2,85852.0,105556275760.0
2020/10/27,6161.4,6195.0,6130.2,6172.8,67451.0,83146259680.0
2020/10/28,6168.0,6221.0,6112.2,6211.6,79731.0,98410759200.0
2020/10/29,6154.0,6267.8,6134.8,6231.0,88208.0,109562969840.0
2020/10/30,6261.0,6261.0,6063.4,6068.2,91515.0,112632284880.0
2020/11/02,6094.4,6146.0,6077.6,6109.8,79071.0,96698535000.0
2020/11/03,6139.6,6234.0,6121.2,6209.2,81403.0,100760636960.0
2020/11/04,6209.0,6239.0,6137.4,6200.2,87466.0,108235645880.0
2020/11/05,6265.0,6351.4,6228.0,6333.8,96367.0,121239007520.0
2020/11/06,6340.0,6345.0,6216.4,6288.4,87045.0,109072291280.0
2020/11/09,6351.0,6456.6,6341.6,6383.2,88740.0,113658150440.0
2020/11/10,6383.2,6394.4,6300.6,6344.2,81402.0,103388919040.0
2020/11/11,6325.2,6362.8,6268.0,6268.4,66082.0,83432268640.0
2020/11/12,6224.6,6265.0,6200.0,6224.0,25615.0,31913873120.0
2020/11/13,6215.8,6233.4,6145.0,6223.8,36061.0,44612660320.0
2020/11/16,6256.0,6295.0,6212.2,6294.0,33421.0,41866260400.0
2020/11/17,6289.8,6289.8,6228.2,6265.8,33714.0,42123840240.0
2020/11/18,6261.0,6326.0,6248.6,6270.4,53406.0,67157442960.0
2020/11/19,6260.0,6327.8,6223.6,6320.6,69781.0,87671685120.0
2020/11/20,6314.0,6396.0,6306.4,6379.2,75152.0,95510505480.0
2020/11/23,6400.6,6494.0,6344.0,6434.0,95412.0,122450151120.0
2020/11/24,6427.0,6459.0,6410.2,6425.2,64193.0,82603456640.0
2020/11/25,6449.2,6453.8,6311.2,6325.4,83701.0,106716134840.0
2020/11/26,6325.2,6332.0,6265.0,6314.4,77755.0,97957816200.0
2020/11/27,6308.6,6347.4,6237.0,6344.0,84309.0,106173077040.0
2020/11/30,6343.8,6398.6,6272.4,6293.0,98792.0,125298022400.0
2020/12/01,6304.8,6438.2,6292.0,6406.6,94142.0,120116679640.0
2020/12/02,6420.0,6425.0,6363.2,6402.0,80357.0,102804785960.0
2020/12/03,6393.8,6447.0,6352.4,6429.4,82023.0,104981734400.0
2020/12/04,6402.8,6460.0,6371.2,6458.4,74220.0,95277841720.0
2020/12/07,6462.6,6466.8,6377.4,6397.6,75338.0,96637461440.0
2020/12/08,6400.0,6442.2,6394.0,6402.8,68589.0,88053149240.0
2020/12/09,6408.0,6422.6,6294.0,6305.0,80833.0,102826833520.0
2020/12/10,6294.8,6344.0,6253.8,6315.6,76373.0,96293218920.0
2020/12/11,6326.8,6343.2,6146.6,6196.4,91042.0,113462974040.0
2020/12/14,6196.0,6258.0,6166.0,6253.2,67208.0,83540739280.0
2020/12/15,6240.0,6272.0,6216.6,6256.8,59891.0,74809038760.0
2020/12/16,6257.2,6263.8,6208.0,6239.6,59600.0,74347718680.0
2020/12/17,6230.0,6326.0,6186.2,6313.8,57952.0,72631975280.0
2020/12/18,6277.0,6299.8,6204.0,6246.6,70248.0,87861380560.0
2020/12/21,6249.0,6384.0,6236.4,6354.8,77150.0,97774514440.0
2020/12/22,6333.0,6355.8,6213.0,6238.8,79933.0,100546331480.0
2020/12/23,6245.0,6317.0,6210.0,6270.6,79809.0,100085370160.0
2020/12/24,6270.4,6276.2,6172.8,6191.2,76943.0,95688445560.0
2020/12/25,6175.8,6275.0,6165.4,6262.0,73039.0,91057034920.0
2020/12/28,6262.2,6278.8,6188.0,6214.8,73485.0,91443675160.0
2020/12/29,6214.8,6274.8,6182.4,6198.4,69341.0,86270016000.0
2020/12/30,6196.6,6287.6,6172.0,6248.0,72096.0,90078410320.0
2020/12/31,6275.0,6364.4,6263.0,6348.0,74813.0,94621475800.0
2021/01/04,6384.0,6489.8,6334.0,6434.2,70652.0,90741718640.0
2021/01/05,6434.4,6504.8,6417.0,6476.6,70706.0,91277461560.0
2021/01/06,6487.6,6560.0,6430.0,6485.0,70480.0,91240278120.0
2021/01/07,6484.8,6540.0,6435.8,6526.0,81599.0,105739636040.0
2021/01/08,6525.4,6598.0,6463.2,6550.6,91128.0,118950383400.0
2021/01/11,6557.0,6560.0,6394.6,6446.8,84589.0,109791837280.0
2021/01/12,6431.0,6535.0,6430.0,6521.6,69803.0,90455419040.0
2021/01/13,6508.6,6533.4,6441.8,6487.2,64635.0,83925217920.0
2021/01/14,6461.0,6523.0,6410.0,6446.6,51013.0,66018190000.0
2021/01/15,6400.0,6406.2,6297.8,6351.0,69405.0,88269635720.0
2021/01/18,6354.0,6473.0,6336.4,6442.2,62595.0,80499169720.0
2021/01/19,6388.0,6407.0,6333.0,6351.4,19828.0,25236737440.0
2021/01/20,6350.0,6427.0,6336.0,6413.8,21135.0,27017187320.0
2021/01/21,6430.0,6538.0,6425.6,6502.6,24211.0,31449778600.0
2021/01/22,6486.0,6513.8,6436.2,6502.6,23477.0,30406439960.0
2021/01/25,6498.8,6549.8,6445.2,6492.0,25565.0,33239659320.0
2021/01/26,6489.0,6489.0,6389.0,6418.2,22496.0,28910507800.0
2021/01/27,6428.6,6447.8,6381.4,6412.8,17267.0,22155463040.0
2021/01/28,6359.8,6400.0,6302.4,6333.0,23609.0,30004274360.0
2021/01/29,6363.0,6363.0,6152.6,6253.2,27476.0,34471182760.0
2021/02/01,6249.8,6306.6,6245.6,6293.2,17479.0,21952600360.0
2021/02/02,6307.2,6352.6,6266.0,6339.8,20474.0,25896390000.0
2021/02/03,6325.0,6360.0,6300.0,6310.0,20131.0,25460435800.0
2021/02/04,6304.0,6306.0,6182.6,6255.0,30982.0,38714768520.0
2021/02/05,6263.0,6286.8,6157.0,6175.0,30031.0,37393489360.0
2021/02/08,6198.0,6288.0,6161.0,6260.2,31617.0,39426402240.0
2021/02/09,6270.0,6397.6,6264.6,6375.4,35902.0,45539001000.0
2021/02/10,6383.2,6449.0,6337.4,6430.2,46155.0,59077079920.0
2021/02/18,6584.0,6625.0,6466.0,6505.0,78130.0,102149439280.0
2021/02/19,6500.0,6630.6,6480.4,6630.0,86168.0,112997153680.0
2021/02/22,6660.0,6744.0,6565.0,6576.8,98536.0,131405556280.0
2021/02/23,6566.6,6629.0,6550.0,6569.8,73763.0,97150156720.0
2021/02/24,6585.6,6603.0,6438.4,6491.2,91900.0,119990508440.0
2021/02/25,6562.2,6562.2,6417.0,6472.2,81227.0,105226778520.0
2021/02/26,6400.0,6418.0,6296.0,6320.4,86242.0,109551375080.0
2021/03/01,6372.2,6439.0,6362.0,6438.0,68521.0,87754282520.0
2021/03/02,6439.0,6451.0,6325.6,6380.6,79216.0,101080867280.0
2021/03/03,6378.0,6481.2,6378.0,6463.0,70999.0,91376228200.0
2021/03/04,6420.4,6444.6,6340.0,6372.8,79180.0,101046627160.0
2021/03/05,6320.6,6427.8,6302.6,6399.0,84514.0,107536897600.0
2021/03/08,6430.8,6478.2,6231.0,6243.6,88670.0,112729089440.0
2021/03/09,6225.0,6248.6,6042.0,6126.4,102035.0,125611094120.0
2021/03/10,6173.6,6188.0,6038.8,6042.8,81796.0,99790754040.0
2021/03/11,6064.0,6218.2,6027.2,6212.4,80169.0,98410958200.0
2021/03/12,6212.0,6222.2,6117.6,6215.2,73885.0,91210036840.0
2021/03/15,6197.2,6225.6,6106.8,6183.0,70795.0,87354313880.0
2021/03/16,6179.6,6232.0,6132.2,6179.2,65873.0,81374631880.0
2021/03/17,6166.0,6234.0,6112.2,6213.2,67538.0,83528224800.0
2021/03/18,6205.2,6308.0,6205.2,6263.0,51526.0,64456269400.0
2021/03/19,6147.0,6208.8,6105.6,6169.0,75368.0,92859104720.0
2021/03/22,6174.0,6268.8,6156.2,6246.0,69340.0,86390137360.0
2021/03/23,6246.0,6266.2,6140.0,6188.0,71116.0,87923878560.0
